days,hour,season,holiday,weather,temp,atemp,humidity,windspeed,real,pred,diff
0,0,1,0,1,14.76,18.94,66,0,65,52.905334,-12.094666
0,11,1,0,1,13.94,16.665,76,8.9981,167,196.00941,29.00941
0,13,1,0,2,18.86,22.725,72,19.9995,150,177.4294,27.4294
0,15,1,0,2,18.04,21.97,77,19.9995,165,193.62895,28.62895
1,0,1,1,1,16.4,20.455,40,31.0009,63,74.047806,11.047806
1,7,1,1,1,9.84,10.605,32,26.0027,51,77.632164,26.632164
1,11,1,1,1,10.66,10.605,35,32.9975,209,209.05942,0.05942
1,12,1,0,2,14.76,16.665,66,19.9995,117,132.6821,15.6821
1,13,1,0,2,14.76,17.425,66,8.9981,130,143.08144,13.08144
1,14,1,0,3,14.76,17.425,76,12.998,115,110.03159,-4.96841
1,15,1,0,3,13.94,16.665,81,11.0014,130,120.70849,-9.29151
1,15,1,1,1,11.48,12.12,38,30.0026,226,252.76744,26.76744
1,16,1,1,1,10.66,11.365,35,27.9993,213,219.41591,6.41591
1,16,1,0,3,13.94,16.665,71,11.0014,130,148.37389,18.37389
1,17,1,1,1,10.66,11.365,35,26.0027,213,198.38387,-14.61613
1,18,1,1,1,10.66,12.12,33,16.9979,188,183.705,-4.295
1,19,1,1,1,9.84,11.365,38,15.0013,155,159.31203,4.31203
1,20,1,1,1,9.84,11.365,41,15.0013,150,141.31427,-8.68573
1,21,1,1,2,9.84,10.605,41,22.0028,128,115.651985,-12.348015
1,22,1,1,2,9.02,10.605,44,19.0012,103,96.84791,-6.15209
1,23,1,1,1,9.02,10.605,44,16.9979,98,106.293465,8.293465
2,8,1,0,1,5.74,6.06,50,19.0012,175,149.63353,-25.36647
2,9,1,0,1,6.56,6.82,43,26.0027,111,122.49366,11.49366
2,10,1,0,1,6.56,6.06,47,31.0009,86,82.19962,-3.80038
2,11,1,0,1,7.38,6.82,37,35.0008,101,93.70396,-7.29604
2,12,1,0,1,7.38,6.82,37,35.0008,98,75.9912,-22.0088
2,13,1,0,1,9.84,10.605,35,19.0012,115,118.59475,3.59475
2,14,1,0,1,10.66,12.12,30,19.0012,130,157.50381,27.50381
2,15,1,0,1,6.56,6.06,37,27.9993,128,103.834145,-24.165855
2,17,1,0,1,9.84,11.365,30,15.0013,207,208.12517,1.12517
2,18,1,0,1,9.84,12.88,32,7.0015,207,220.0845,13.0845
2,19,1,0,1,8.2,12.88,47,0,163,169.00957,6.00957
2,21,1,0,1,4.1,5.305,36,15.0013,121,99.47895,-21.52105
2,21,1,0,1,7.38,9.85,64,8.9981,105,107.42573,2.42573
2,22,1,0,1,4.1,5.305,46,16.9979,86,76.80479,-9.19521
2,22,1,0,1,5.74,7.575,69,8.9981,75,96.56788,21.56788
2,23,1,0,1,4.1,3.79,46,26.0027,71,61.234077,-9.765923
2,23,1,0,1,7.38,10.605,55,7.0015,67,89.90528,22.90528
3,6,1,0,1,4.92,7.575,74,7.0015,59,57.53888,-1.46112
3,7,1,0,1,4.92,7.575,74,8.9981,117,121.67611,4.67611
3,8,1,0,1,5.74,7.575,69,11.0014,200,174.25407,-25.74593
3,9,1,0,1,6.56,7.575,64,15.0013,125,143.59395,18.59395
3,10,1,0,2,6.56,6.82,69,22.0028,71,81.68557,10.68557
3,10,1,0,1,2.46,5.305,45,0,92,106.92426,14.92426
3,11,1,0,2,3.28,6.06,42,6.0032,75,64.59475,-10.40525
3,11,1,0,1,9.02,10.605,51,19.9995,86,105.87693,19.87693
3,12,1,0,1,9.02,11.365,51,11.0014,101,109.646324,8.646324
3,14,1,0,1,10.66,12.88,52,15.0013,117,144.19345,27.19345
3,18,1,0,1,10.66,12.88,48,12.998,230,206.74767,-23.25233
3,19,1,0,1,9.84,12.88,48,7.0015,165,168.93684,3.93684
3,21,1,0,2,8.2,12.88,44,0,144,131.9734,-12.0266
3,21,1,0,1,9.02,13.635,64,0,103,130.43373,27.43373
3,22,1,0,2,8.2,11.365,47,6.0032,105,110.310585,5.310585
3,22,1,0,1,9.02,12.88,64,6.0032,90,108.93955,18.93955
3,23,1,0,2,8.2,11.365,44,7.0015,86,96.60401,10.60401
4,6,1,0,1,8.2,9.85,47,15.0013,55,54.42807,-0.57193
4,7,1,0,1,7.38,9.09,43,12.998,109,135.40746,26.40746
4,9,1,0,1,9.02,9.85,37,22.0028,138,166.37909,28.37909
4,12,1,0,1,12.3,14.395,49,16.9979,142,137.25186,-4.74814
4,13,1,0,1,13.94,15.15,42,19.9995,171,157.81711,-13.18289
4,14,1,0,1,13.94,15.91,39,19.0012,169,183.86276,14.86276
4,16,1,0,1,14.76,16.665,34,19.0012,246,240.35738,-5.64262
4,18,1,0,1,9.84,12.12,38,8.9981,219,210.78127,-8.21873
4,19,1,0,1,9.84,12.88,38,7.0015,184,172.08366,-11.91634
4,20,1,0,1,9.02,11.365,47,11.0014,142,139.85127,-2.14873
4,21,1,0,1,10.66,13.635,60,8.9981,150,128.79604,-21.20396
4,21,1,0,1,8.2,9.85,51,12.998,98,115.14854,17.14854
4,22,1,0,1,10.66,12.88,60,11.0014,125,111.059944,-13.940056
4,22,1,0,1,7.38,9.85,55,8.9981,96,94.69514,-1.30486
4,23,1,0,1,9.84,12.88,70,7.0015,115,103.49595,-11.50405
4,23,1,0,1,8.2,12.88,47,0,75,102.84556,27.84556
5,7,1,0,2,6.56,11.365,59,0,117,131.82939,14.82939
5,8,1,0,1,6.56,11.365,59,0,238,208.5599,-29.4401
5,9,1,0,2,7.38,12.12,51,0,146,164.97836,18.97836
5,10,1,0,1,10.66,12.88,65,12.998,142,170.67967,28.67967
5,11,1,0,1,12.3,15.15,56,11.0014,165,162.86171,-2.13829
5,18,1,0,1,9.02,11.365,51,8.9981,213,184.73611,-28.26389
5,19,1,0,1,9.02,12.88,55,6.0032,165,162.83134,-2.16866
5,20,1,0,1,8.2,10.605,51,11.0014,123,132.31111,9.31111
5,20,1,0,1,17.22,21.21,41,12.998,228,245.71295,17.71295
5,21,1,0,1,16.4,20.455,43,15.0013,205,184.87193,-20.12807
5,21,1,0,2,9.02,10.605,55,15.0013,101,119.89524,18.89524
5,22,1,0,2,9.02,10.605,51,19.0012,105,105.96296,0.96296
5,23,1,0,1,14.76,18.94,50,0,155,134.07188,-20.92812
5,23,1,0,2,8.2,9.85,59,12.998,78,85.091194,7.091194
6,6,1,0,2,8.2,12.88,69,0,59,58.070282,-0.929718
6,9,1,0,1,8.2,9.09,47,19.9995,157,152.5129,-4.4871
6,10,1,0,1,11.48,15.15,75,6.0032,226,206.13199,-19.86801
6,11,1,0,2,8.2,9.85,40,15.0013,96,103.9768,7.9768
6,12,1,0,2,8.2,9.85,37,16.9979,84,91.99465,7.99465
6,14,1,0,2,8.2,9.85,40,16.9979,103,97.43911,-5.56089
6,15,1,0,2,8.2,10.605,37,11.0014,125,133.71129,8.71129
6,16,1,0,2,8.2,10.605,37,11.0014,140,155.7689,15.7689
6,18,1,0,1,8.2,11.365,40,6.0032,175,186.65472,11.65472
6,19,1,0,1,6.56,9.85,55,6.0032,148,138.20454,-9.79546
6,20,1,0,1,7.38,10.605,47,7.0015,105,132.5334,27.5334
6,21,1,0,1,18.04,21.97,44,15.0013,192,210.88673,18.88673
6,21,1,0,1,7.38,9.85,47,8.9981,94,115.30021,21.30021
6,22,1,0,2,7.38,9.85,43,11.0014,90,105.24946,15.24946
6,22,1,0,1,18.04,21.97,38,16.9979,163,179.66753,16.66753
6,23,1,0,1,17.22,21.21,38,15.0013,173,149.96022,-23.03978
6,23,1,0,2,7.38,9.85,51,11.0014,71,84.50297,13.50297
7,10,1,0,1,13.94,16.665,49,11.0014,230,201.66759,-28.33241
7,11,1,0,2,8.2,9.09,69,26.0027,90,68.78571,-21.21429
7,15,1,0,1,8.2,8.335,32,30.0026,126,129.0071,3.0071
7,16,1,0,1,7.38,6.82,29,30.0026,128,152.47769,24.47769
7,17,1,0,1,15.58,19.695,40,15.0013,269,286.67572,17.67572
7,17,1,0,1,6.56,6.06,37,36.9974,121,146.70041,25.70041
7,18,1,0,1,13.94,15.91,46,15.0013,230,256.79358,26.79358
7,20,1,0,1,12.3,15.15,52,11.0014,178,159.55754,-18.44246
7,21,1,0,1,11.48,13.635,56,15.0013,144,131.85231,-12.14769
7,21,1,0,1,4.92,5.305,39,23.9994,90,98.01261,8.01261
7,22,1,0,1,4.92,5.305,36,26.0027,88,84.00727,-3.99273
7,22,1,0,1,10.66,13.635,60,7.0015,113,113.64243,0.64243
7,23,1,0,1,4.1,3.03,39,30.0026,75,72.6717,-2.3283
7,23,1,0,1,10.66,12.12,56,16.9979,84,93.97874,9.97874
8,10,1,0,1,5.74,5.305,43,26.0027,76,92.39802,16.39802
8,11,1,0,1,6.56,6.06,40,35.0008,76,80.573296,4.573296
8,11,1,0,2,10.66,14.395,56,6.0032,117,138.77269,21.77269
8,12,1,0,1,7.38,6.82,37,30.0026,105,83.8487,-21.1513
8,12,1,0,2,10.66,13.635,56,7.0015,126,115.8088,-10.1912
8,13,1,0,2,10.66,13.635,56,7.0015,134,112.42927,-21.57073
8,14,1,0,1,9.02,9.09,32,31.0009,125,116.33831,-8.66169
8,15,1,0,1,9.02,9.85,35,23.9994,134,147.14807,13.14807
8,16,1,0,3,9.02,12.88,87,6.0032,105,102.38282,-2.61718
8,16,1,0,1,8.2,8.335,34,30.0026,144,155.02106,11.02106
8,20,1,0,1,5.74,6.06,46,16.9979,92,115.55924,23.55924
8,21,1,0,2,8.2,12.88,93,0,134,143.88747,9.88747
8,21,1,0,1,5.74,5.305,46,27.9993,73,95.64799,22.64799
8,22,1,0,2,8.2,11.365,92,7.0015,117,120.203804,3.203804
8,22,1,0,1,5.74,6.06,46,19.9995,69,83.84553,14.84553
8,23,1,0,2,9.02,12.12,87,7.0015,107,111.47556,4.47556
8,23,1,0,1,4.92,6.82,50,12.998,61,69.64463,8.64463
9,7,1,0,1,4.92,6.06,50,15.0013,98,121.39675,23.39675
9,9,1,0,2,5.74,6.06,50,16.9979,117,103.80343,-13.19657
9,10,1,0,2,5.74,6.06,50,19.9995,59,78.64069,19.64069
9,10,1,0,2,7.38,9.85,93,11.0014,111,140.50412,29.50412
9,11,1,0,2,6.56,6.82,47,19.0012,59,70.93922,11.93922
9,12,1,0,2,8.2,9.09,40,19.0012,76,86.177086,10.177086
9,13,1,0,1,17.22,21.21,38,19.9995,228,231.71605,3.71605
9,14,1,0,2,8.2,9.85,40,15.0013,101,102.37855,1.37855
9,15,1,0,2,8.2,9.85,40,15.0013,100,122.38804,22.38804
9,16,1,0,1,17.22,21.21,38,23.9994,288,269.10345,-18.89655
9,18,1,0,1,8.2,9.85,40,15.0013,205,180.30026,-24.69974
9,19,1,0,1,6.56,8.335,47,11.0014,148,139.28291,-8.71709
9,20,1,0,1,6.56,8.335,50,11.0014,126,121.87147,-4.12853
9,21,1,0,1,13.12,16.665,66,6.0032,169,151.02534,-17.97466
9,21,1,0,1,5.74,6.82,59,12.998,92,93.8339,1.8339
9,22,1,0,1,5.74,7.575,59,11.0014,78,87.23524,9.23524
9,23,1,0,1,5.74,7.575,59,11.0014,73,78.63566,5.63566
9,23,1,0,1,10.66,13.635,81,7.0015,98,110.253456,12.253456
10,6,1,0,1,8.2,10.605,86,8.9981,98,72.40083,-25.59917
10,7,1,0,2,6.56,11.365,55,0,121,132.56876,11.56876
10,9,1,0,2,7.38,9.85,51,11.0014,153,140.06891,-12.93109
10,12,1,0,2,8.2,11.365,51,7.0015,82,94.92017,12.92017
10,13,1,0,2,8.2,11.365,59,6.0032,107,86.86846,-20.13154
10,13,1,0,3,13.12,17.425,76,0,121,119.34342,-1.65658
10,14,1,0,3,13.12,16.665,81,7.0015,128,109.83297,-18.16703
10,14,1,0,2,8.2,11.365,59,6.0032,117,106.39045,-10.60955
10,15,1,0,2,6.56,9.85,80,6.0032,101,93.42997,-7.57003
10,16,1,0,2,13.94,15.91,87,16.9979,171,161.6422,-9.3578
10,18,1,0,3,6.56,9.09,93,7.0015,150,123.447945,-26.552055
10,18,1,0,3,13.94,16.665,87,12.998,153,174.66792,21.66792
10,19,1,0,3,13.12,15.15,93,15.0013,148,144.25897,-3.74103
10,20,1,0,3,13.12,15.91,93,11.0014,113,126.50892,13.50892
10,22,1,0,3,13.94,16.665,87,12.998,105,105.18391,0.18391
10,22,1,0,3,6.56,9.09,93,7.0015,86,115.12876,29.12876
10,23,1,0,3,13.94,15.91,87,15.0013,67,94.44834,27.44834
11,9,1,0,1,13.12,16.665,81,7.0015,251,239.71284,-11.28716
11,9,1,0,1,6.56,6.82,59,22.0028,105,126.24485,21.24485
11,11,1,0,1,8.2,9.09,51,26.0027,63,92.44979,29.44979
11,12,1,0,1,8.2,7.575,47,39.0007,78,68.78959,-9.21041
11,12,1,0,2,13.94,17.425,81,7.0015,169,163.49202,-5.50798
11,13,1,0,1,17.22,21.21,77,11.0014,234,213.54315,-20.45685
11,13,1,0,1,9.02,9.85,44,23.9994,101,98.845604,-2.154396
11,14,1,0,1,8.2,9.09,47,22.0028,98,110.1457,12.1457
11,14,1,0,1,17.22,21.21,77,11.0014,209,226.93214,17.93214
11,15,1,0,1,18.04,21.97,72,8.9981,240,256.11588,16.11588
11,15,1,0,1,8.2,8.335,47,27.9993,101,117.35291,16.35291
11,18,1,0,1,8.2,7.575,47,35.0008,186,159.42552,-26.57448
11,19,1,0,1,7.38,7.575,47,27.9993,134,140.05159,6.05159
11,20,1,0,1,6.56,6.82,50,22.0028,109,115.992165,6.992165
11,21,1,0,1,18.04,21.97,67,8.9981,226,198.6309,-27.3691
11,21,1,0,1,6.56,6.82,55,22.0028,109,97.24671,-11.75329
11,22,1,0,1,6.56,6.06,55,30.0026,86,78.21989,-7.78011
11,23,1,0,1,5.74,5.305,59,27.9993,75,58.73371,-16.26629
11,23,1,0,1,16.4,20.455,76,22.0028,123,121.65357,-1.34643
12,6,1,0,1,4.92,7.575,54,8.9981,50,52.758934,2.758934
12,10,1,0,1,9.84,9.85,44,30.0026,128,136.962,8.962
12,10,1,0,2,6.56,6.82,50,23.9994,65,79.71201,14.71201
12,11,1,0,1,9.84,9.09,38,40.9973,140,122.2196,-17.7804
12,11,1,0,2,8.2,8.335,44,30.0026,65,81.85351,16.85351
12,12,1,0,1,8.2,8.335,44,27.9993,76,86.77099,10.77099
12,14,1,0,1,9.02,9.85,41,26.0027,96,120.16381,24.16381
12,18,1,0,1,8.2,9.09,40,22.0028,194,177.89183,-16.10817
12,19,1,0,1,6.56,7.575,47,16.9979,150,136.0504,-13.9496
12,20,1,0,1,6.56,7.575,47,15.0013,117,121.23362,4.23362
12,21,1,0,1,9.84,10.605,41,19.0012,153,127.8249,-25.1751
12,21,1,0,1,5.74,6.06,46,19.9995,94,98.97306,4.97306
12,22,1,0,1,8.2,9.09,47,22.0028,117,97.925026,-19.074974
12,22,1,0,1,5.74,6.06,46,22.0028,84,82.96668,-1.03332
12,23,1,0,1,4.92,6.82,50,12.998,69,69.11161,0.11161
13,7,1,0,1,4.1,6.06,74,11.0014,94,111.06336,17.06336
13,8,1,0,1,4.92,8.335,68,0,180,200.0777,20.0777
13,9,1,0,1,5.74,7.575,69,8.9981,142,160.02531,18.02531
13,10,1,0,1,6.56,11.365,47,0,173,155.0213,-17.9787
13,11,1,0,1,7.38,8.335,51,19.0012,82,97.83164,15.83164
13,12,1,0,1,8.2,9.85,44,16.9979,86,103.17803,17.17803
13,13,1,0,1,9.02,9.85,37,26.0027,130,105.46772,-24.53228
13,14,1,0,1,9.02,10.605,41,19.0012,117,135.09569,18.09569
13,17,1,0,1,9.02,11.365,41,11.0014,209,199.562,-9.438
13,17,1,0,1,9.84,11.365,41,16.9979,194,198.67151,4.67151
13,18,1,0,1,9.02,11.365,41,12.998,194,194.55539,0.55539
13,18,1,0,1,8.2,12.88,47,0,190,196.25023,6.25023
13,19,1,0,1,6.56,9.85,59,6.0032,144,135.42024,-8.57976
13,19,1,0,1,8.2,9.85,47,15.0013,153,147.40529,-5.59471
13,20,1,0,1,8.2,9.85,44,16.9979,155,133.40184,-21.59816
13,20,1,0,1,7.38,12.12,59,0,123,132.37901,9.37901
13,21,1,0,1,7.38,8.335,43,16.9979,123,112.627785,-10.372215
13,21,1,0,1,6.56,11.365,69,0,107,123.77088,16.77088
13,22,1,0,2,6.56,11.365,69,0,92,118.05546,26.05546
13,23,1,0,2,7.38,12.12,55,0,82,105.56898,23.56898
14,9,1,0,1,4.92,6.82,54,12.998,115,131.65942,16.65942
14,11,1,0,1,8.2,9.85,55,15.0013,100,114.79917,14.79917
14,12,1,0,1,9.84,11.365,48,15.0013,113,117.51768,4.51768
14,13,1,0,1,11.48,12.88,38,19.9995,153,144.93811,-8.06189
14,14,1,0,1,12.3,14.395,39,19.0012,171,174.7035,3.7035
14,15,1,0,2,13.12,15.91,36,12.998,180,191.42763,11.42763
14,17,1,0,1,9.02,10.605,25,16.9979,198,206.17061,8.17061
14,18,1,0,1,7.38,9.09,29,15.0013,171,187.80537,16.80537
14,19,1,0,1,6.56,8.335,37,11.0014,161,145.59901,-15.40099
14,20,1,0,1,6.56,9.09,37,7.0015,148,132.60701,-15.39299
14,21,1,0,1,6.56,8.335,40,11.0014,125,112.776985,-12.223015
14,22,1,0,1,7.38,10.605,37,6.0032,115,108.11298,-6.88702
14,23,1,0,1,6.56,9.85,43,6.0032,84,84.51258,0.51258
14,23,1,0,1,12.3,14.395,45,19.0012,98,111.05659,13.05659
15,0,1,1,1,5.74,7.575,46,8.9981,50,65.46492,15.46492
15,7,1,1,1,4.1,6.82,54,7.0015,67,93.67406,26.67406
15,10,1,1,2,5.74,6.82,59,12.998,161,133.21724,-27.78276
15,11,1,1,1,6.56,7.575,59,16.9979,213,207.33507,-5.66493
15,11,1,0,1,9.84,11.365,44,16.9979,121,135.98404,14.98404
15,12,1,0,1,9.84,10.605,41,19.0012,126,121.569115,-4.430885
15,12,1,1,1,8.2,9.09,55,22.0028,213,240.75356,27.75356
15,14,1,1,1,9.84,10.605,44,26.0027,240,260.87683,20.87683
15,14,1,0,1,11.48,13.635,36,16.9979,144,173.624,29.624
15,15,1,1,1,10.66,10.605,44,30.0026,250,232.71565,-17.28435
15,15,1,0,1,10.66,12.12,38,16.9979,165,178.96791,13.96791
15,16,1,1,1,10.66,11.365,44,23.9994,238,215.6127,-22.3873
15,20,1,1,1,10.66,12.12,60,19.0012,151,124.28991,-26.71009
15,20,1,0,1,7.38,9.85,47,11.0014,111,129.47844,18.47844
15,21,1,1,1,11.48,12.88,52,22.0028,113,124.1908,11.1908
15,21,1,0,1,7.38,9.85,51,11.0014,82,111.39985,29.39985
15,22,1,1,2,12.3,13.635,49,23.9994,107,104.083626,-2.916374
15,23,1,1,3,10.66,11.365,70,19.9995,94,73.44717,-20.55283
15,23,1,0,2,8.2,11.365,40,7.0015,75,98.423134,23.423134
16,7,1,0,3,12.3,14.395,81,15.0013,148,126.39852,-21.60148
16,12,1,0,2,13.12,15.15,87,19.0012,111,130.45177,19.45177
16,13,1,0,2,15.58,19.695,76,22.0028,157,141.72173,-15.27827
16,14,1,0,1,18.04,21.97,62,32.9975,184,206.33559,22.33559
16,16,1,0,1,18.86,22.725,63,36.9974,267,246.66649,-20.33351
16,18,1,1,2,7.38,8.335,55,16.9979,153,131.61548,-21.38452
16,19,1,1,3,7.38,9.09,59,12.998,123,111.51169,-11.48831
16,20,1,1,3,6.56,7.575,80,12.998,98,104.013145,6.013145
16,20,1,0,1,18.86,22.725,63,23.9994,230,250.30711,20.30711
16,21,1,0,1,18.86,22.725,67,31.0009,230,203.86772,-26.13228
16,21,1,1,3,6.56,7.575,80,12.998,92,96.78663,4.78663
16,22,1,1,3,5.74,6.06,93,16.9979,78,84.141945,6.141945
16,22,1,0,1,18.86,22.725,72,26.0027,144,158.67354,14.67354
16,23,1,1,3,6.56,6.82,86,19.0012,71,73.66378,2.66378
16,23,1,0,1,18.86,22.725,72,26.0027,117,136.74373,19.74373
17,11,1,0,1,12.3,13.635,42,26.0027,142,164.06393,22.06393
17,13,1,0,2,8.2,9.85,86,15.0013,78,66.06698,-11.93302
17,14,1,0,2,9.02,11.365,80,11.0014,84,95.54899,11.54899
17,14,1,0,1,12.3,13.635,33,26.0027,157,174.9671,17.9671
17,15,1,0,1,12.3,12.88,33,35.0008,180,172.544,-7.456
17,15,1,0,2,9.02,11.365,87,11.0014,92,108.02146,16.02146
17,16,1,0,2,9.02,11.365,87,12.998,117,120.47816,3.47816
17,19,1,0,2,9.02,11.365,80,8.9981,153,139.82973,-13.17027
17,20,1,0,2,9.02,13.635,87,0,138,150.76878,12.76878
17,23,1,0,1,6.56,6.82,47,19.9995,92,71.93281,-20.06719
18,6,1,0,2,9.02,12.88,93,6.0032,57,65.261475,8.261475
18,8,1,0,2,9.84,12.88,93,7.0015,219,212.28806,-6.71194
18,10,1,0,1,5.74,10.605,59,0,134,157.36447,23.36447
18,11,1,0,1,6.56,8.335,55,11.0014,126,111.55486,-14.44514
18,14,1,0,1,9.84,11.365,44,12.998,171,151.76593,-19.23407
18,15,1,0,1,10.66,11.365,44,19.9995,178,165.60497,-12.39503
18,17,1,0,1,14.76,16.665,57,22.0028,246,242.49406,-3.50594
18,22,1,0,2,10.66,11.365,44,27.9993,142,121.29481,-20.70519
18,22,1,0,1,12.3,15.15,52,11.0014,113,125.12345,12.12345
18,23,1,0,1,10.66,11.365,48,22.0028,109,95.81928,-13.18072
18,23,1,0,1,12.3,13.635,52,31.0009,82,105.427956,23.427956
31,6,1,0,3,16.4,20.455,54,11.0014,90,68.11154,-21.88846
31,12,1,0,1,18.04,21.97,54,7.0015,201,228.85225,27.85225
31,13,1,0,1,18.86,22.725,47,15.0013,236,257.94986,21.94986
31,13,1,0,2,8.2,12.88,86,0,107,128.97342,21.97342
31,14,1,0,2,9.02,12.88,80,6.0032,109,125.46769,16.46769
31,17,1,0,2,9.84,14.395,75,0,226,201.24193,-24.75807
31,19,1,0,2,9.84,12.12,81,8.9981,161,142.8662,-18.1338
31,20,1,0,2,9.02,11.365,87,8.9981,128,130.06136,2.06136
31,21,1,0,1,21.32,25,52,11.0014,282,264.91333,-17.08667
31,21,1,0,2,9.02,11.365,87,8.9981,119,121.25077,2.25077
31,22,1,0,1,20.5,24.24,55,12.998,194,202.70033,8.70033
31,22,1,0,2,9.02,12.88,87,6.0032,92,118.06721,26.06721
31,23,1,0,1,18.86,22.725,63,6.0032,151,160.92992,9.92992
31,23,1,0,3,8.2,9.85,93,12.998,73,95.47709,22.47709
32,6,1,0,3,14.76,18.94,90,0,100,80.74471,-19.25529
32,8,1,0,3,9.02,10.605,93,15.0013,178,170.41216,-7.58784
32,11,1,0,3,16.4,20.455,82,16.9979,134,163.50621,29.50621
32,12,1,0,2,9.84,11.365,93,15.0013,90,118.74334,28.74334
32,13,1,0,2,17.22,21.21,77,0,192,219.85715,27.85715
32,16,1,0,1,18.86,22.725,55,19.0012,278,295.66876,17.66876
32,17,1,0,1,14.76,15.91,53,35.0008,238,228.98523,-9.01477
32,18,1,0,1,13.94,14.395,42,36.9974,230,246.4441,16.4441
32,20,1,0,1,9.84,9.85,48,36.9974,126,146.36818,20.36818
32,21,1,0,1,9.02,9.85,47,22.0028,115,116.72239,1.72239
32,22,1,0,1,9.02,10.605,44,16.9979,94,106.03019,12.03019
32,23,1,0,1,13.12,15.15,49,16.9979,115,112.50468,-2.49532
32,23,1,0,1,8.2,8.335,44,30.0026,86,89.479195,3.479195
33,7,1,0,1,5.74,6.06,50,22.0028,107,128.0449,21.0449
33,9,1,0,1,6.56,6.82,47,19.9995,155,153.50154,-1.49846
33,10,1,0,1,11.48,12.88,56,19.0012,153,179.0491,26.0491
33,11,1,0,1,13.12,15.15,53,19.9995,190,169.80797,-20.19203
33,11,1,0,1,7.38,6.82,43,30.0026,92,103.14048,11.14048
33,12,1,0,1,8.2,9.09,40,23.9994,94,111.41932,17.41932
33,13,1,0,1,14.76,18.18,46,0,248,225.00636,-22.99364
33,13,1,0,1,8.2,8.335,40,27.9993,103,100.793785,-2.206215
33,14,1,0,1,14.76,17.425,46,15.0013,221,215.22968,-5.77032
33,15,1,0,1,15.58,19.695,40,0,267,287.51965,20.51965
33,18,1,0,1,8.2,10.605,40,11.0014,198,187.22234,-10.77766
33,19,1,0,1,8.2,12.88,40,0,150,173.13588,23.13588
33,20,1,0,1,8.2,11.365,47,6.0032,161,135.72212,-25.27788
33,20,1,0,1,13.94,17.425,49,7.0015,213,189.61943,-23.38057
33,21,1,0,1,13.94,17.425,49,7.0015,186,161.09792,-24.90208
33,21,1,0,1,7.38,10.605,55,7.0015,107,109.877266,2.877266
33,22,1,0,1,7.38,10.605,51,6.0032,96,97.431496,1.431496
33,23,1,0,1,8.2,11.365,47,7.0015,92,89.1934,-2.8066
34,6,1,0,2,6.56,11.365,55,0,51,56.200417,5.200417
34,9,1,0,2,6.56,9.09,80,8.9981,151,167.23074,16.23074
34,12,1,0,2,9.84,12.12,48,11.0014,109,118.159065,9.159065
34,13,1,0,2,10.66,12.88,50,15.0013,134,116.82841,-17.17159
34,14,1,0,2,11.48,13.635,45,11.0014,144,156.36008,12.36008
34,15,1,0,2,11.48,13.635,48,16.9979,142,164.375,22.375
34,16,1,0,2,13.94,16.665,61,11.0014,196,213.55144,17.55144
34,18,1,0,2,9.84,12.88,60,7.0015,205,189.63759,-15.36241
34,19,1,0,2,9.84,12.12,65,8.9981,155,150.63408,-4.36592
34,19,1,0,3,10.66,13.635,87,8.9981,134,134.30994,0.30994
34,20,1,0,3,9.84,11.365,93,12.998,132,119.382164,-12.617836
34,20,1,0,2,9.84,12.12,65,11.0014,125,134.21584,9.21584
34,21,1,0,3,9.84,12.12,93,8.9981,132,119.2497,-12.7503
34,21,1,0,2,9.84,12.12,70,11.0014,98,116.06483,18.06483
34,22,1,0,2,9.84,12.88,87,6.0032,150,120.4542,-29.5458
34,22,1,0,2,9.84,12.12,65,11.0014,101,102.98359,1.98359
34,23,1,0,2,9.84,12.12,87,8.9981,125,105.55186,-19.44814
34,23,1,0,2,9.84,12.12,70,8.9981,86,97.549995,11.549995
35,10,1,0,2,10.66,12.12,65,19.0012,173,149.93956,-23.06044
35,12,1,0,3,9.02,11.365,100,11.0014,78,102.07962,24.07962
35,14,1,0,3,9.02,13.635,100,0,111,116.024345,5.024345
35,15,1,0,3,9.02,13.635,100,0,117,124.526375,7.526375
35,16,1,0,3,9.02,11.365,100,8.9981,126,105.301216,-20.698784
35,17,1,0,2,9.84,10.605,100,19.0012,132,127.8108,-4.1892
35,18,1,0,1,12.3,14.395,52,16.9979,230,238.65239,8.65239
35,18,1,0,2,11.48,12.12,93,30.0026,138,153.39162,15.39162
35,19,1,0,2,11.48,12.12,93,30.0026,138,146.84395,8.84395
35,20,1,0,1,12.3,14.395,87,16.9979,125,141.40611,16.40611
35,21,1,0,1,10.66,12.88,100,12.998,113,120.68052,7.68052
35,21,1,0,1,11.48,14.395,56,7.0015,121,133.31673,12.31673
35,22,1,0,1,10.66,13.635,93,8.9981,101,115.88831,14.88831
35,23,1,0,1,10.66,12.88,93,15.0013,115,94.39408,-20.60592
35,23,1,0,1,9.84,12.12,70,8.9981,98,94.28355,-3.71645
36,6,1,0,1,6.56,9.09,86,7.0015,96,75.25883,-20.74117
36,12,1,0,1,13.12,15.91,61,11.0014,173,167.65123,-5.34877
36,12,1,0,1,13.94,16.665,46,0,196,199.99667,3.99667
36,13,1,0,1,13.94,18.18,46,0,232,222.62698,-9.37302
36,14,1,0,1,13.94,17.425,46,6.0032,213,228.02652,15.02652
36,15,1,0,1,13.94,17.425,46,6.0032,232,250.25964,18.25964
36,16,1,0,1,16.4,20.455,43,16.9979,276,286.11115,10.11115
36,22,1,0,1,12.3,15.15,65,8.9981,142,117.303566,-24.696434
36,22,1,0,1,10.66,15.15,60,0,117,118.9593,1.9593
36,23,1,0,1,12.3,15.15,65,8.9981,101,101.682076,0.682076
36,23,1,0,1,9.84,14.395,65,0,86,110.066475,24.066475
37,8,1,0,2,6.56,11.365,100,0,251,230.09879,-20.90121
37,12,1,0,1,16.4,20.455,40,22.0028,194,203.36223,9.36223
37,13,1,0,1,18.04,21.97,38,16.9979,234,262.9077,28.9077
37,18,1,0,2,13.94,16.665,66,8.9981,226,251.43463,25.43463
37,19,1,0,2,13.12,17.425,70,0,182,201.50517,19.50517
37,20,1,0,2,13.12,16.665,70,7.0015,142,158.84337,16.84337
37,22,1,0,1,11.48,15.15,81,6.0032,94,118.42512,24.42512
37,23,1,0,1,13.12,16.665,57,8.9981,105,112.01081,7.01081
38,6,1,0,1,10.66,11.365,70,22.0028,63,65.89721,2.89721
38,7,1,0,1,9.84,9.85,65,27.9993,121,136.45775,15.45775
38,9,1,0,1,9.84,9.85,52,32.9975,157,166.16464,9.16464
38,11,1,0,2,10.66,12.88,65,15.0013,130,137.65257,7.65257
38,13,1,0,2,9.84,9.85,32,30.0026,103,110.575966,7.575966
38,14,1,0,2,12.3,15.15,56,11.0014,161,161.08519,0.08519
38,14,1,0,1,9.02,9.85,37,27.9993,117,140.11893,23.11893
38,16,1,0,3,10.66,13.635,81,7.0015,130,136.70082,6.70082
38,17,1,0,1,9.02,9.09,32,39.0007,225,197.55856,-27.44144
38,18,1,0,1,8.2,9.09,32,26.0027,201,201.76367,0.76367
38,19,1,0,1,6.56,6.06,40,31.0009,151,142.61702,-8.38298
38,20,1,0,1,6.56,6.82,40,22.0028,109,120.752266,11.752266
38,21,1,0,1,5.74,5.305,33,31.0009,107,101.304085,-5.695915
38,22,1,0,1,4.92,5.305,33,23.9994,82,84.41129,2.41129
38,23,1,0,2,9.84,12.12,87,11.0014,115,100.47938,-14.52062
38,23,1,0,1,4.92,5.305,33,22.0028,67,72.41761,5.41761
39,6,1,0,1,2.46,7.575,45,0,65,63.950348,-1.049652
39,7,1,0,1,2.46,5.305,49,7.0015,119,124.437874,5.437874
39,8,1,0,1,4.1,6.82,42,0,219,206.50728,-12.49272
39,9,1,0,1,4.92,6.82,39,11.0014,146,168.03206,22.03206
39,11,1,0,1,9.84,11.365,52,15.0013,126,144.89783,18.89783
39,12,1,0,2,7.38,9.09,40,15.0013,86,99.754616,13.754616
39,13,1,0,1,7.38,8.335,40,16.9979,123,116.85265,-6.14735
39,14,1,0,1,13.12,15.15,39,19.9995,196,200.05391,4.05391
39,15,1,0,2,8.2,9.09,34,19.0012,117,140.29996,23.29996
39,16,1,0,1,13.94,16.665,36,0,286,291.3606,5.3606
39,17,1,0,2,8.2,9.85,34,16.9979,215,196.79875,-18.20125
39,19,1,0,3,5.74,6.06,86,16.9979,142,113.69288,-28.30712
39,20,1,0,3,5.74,7.575,86,11.0014,138,116.7024,-21.2976
39,22,1,0,3,6.56,8.335,80,11.0014,101,99.646645,-1.353355
39,23,1,0,2,12.3,16.665,52,0,138,117.25306,-20.74694
39,23,1,0,3,6.56,7.575,80,12.998,92,86.930824,-5.069176
40,6,1,0,1,8.2,9.85,59,12.998,86,67.11055,-18.88945
40,7,1,0,1,4.1,3.79,50,27.9993,119,111.50681,-7.49319
40,9,1,0,1,4.92,5.305,42,23.9994,144,142.48148,-1.51852
40,10,1,0,2,10.66,13.635,48,8.9981,150,164.08592,14.08592
40,11,1,0,2,11.48,14.395,45,7.0015,178,163.65523,-14.34477
40,11,1,0,1,5.74,6.06,39,23.9994,75,104.25004,29.25004
40,12,1,0,1,6.56,6.82,34,26.0027,92,106.48139,14.48139
40,13,1,0,1,7.38,8.335,29,19.9995,115,132.82631,17.82631
40,14,1,0,2,13.12,16.665,39,6.0032,198,200.2576,2.2576
40,15,1,0,2,13.12,16.665,45,8.9981,240,210.39723,-29.60277
40,17,1,0,1,7.38,9.09,26,12.998,215,201.10814,-13.89186
40,19,1,0,1,5.74,8.335,28,7.0015,165,147.38802,-17.61198
40,20,1,0,2,13.12,17.425,57,0,203,176.7155,-26.2845
40,20,1,0,1,5.74,9.09,31,6.0032,150,131.50233,-18.49767
40,21,1,0,1,5.74,10.605,39,0,126,115.00718,-10.99282
40,22,1,0,1,4.92,9.85,39,0,105,95.518654,-9.481346
40,23,1,0,1,4.92,7.575,42,7.0015,88,74.88322,-13.11678
40,23,1,0,2,12.3,15.91,70,6.0032,121,109.45106,-11.54894
41,9,1,0,1,4.92,6.06,74,15.0013,163,154.71902,-8.28098
41,13,1,0,1,9.84,11.365,35,12.998,163,161.94334,-1.05666
41,15,1,0,2,12.3,13.635,61,19.9995,176,154.66847,-21.33153
41,20,1,0,1,9.02,11.365,55,8.9981,117,132.49416,15.49416
41,20,1,0,2,6.56,6.06,43,36.9974,115,131.04356,16.04356
41,21,1,0,1,5.74,3.79,43,43.0006,100,103.7989,3.7989
41,21,1,0,1,8.2,10.605,59,8.9981,101,109.61414,8.61414
41,22,1,0,2,5.74,5.305,39,26.0027,100,97.17661,-2.82339
41,22,1,0,1,8.2,11.365,64,6.0032,98,100.46592,2.46592
41,23,1,0,1,7.38,12.12,69,0,107,103.79194,-3.20806
42,10,1,0,1,4.92,5.305,42,23.9994,117,118.07545,1.07545
42,12,1,0,1,12.3,13.635,39,31.0009,142,164.96385,22.96385
42,13,1,0,1,12.3,13.635,39,27.9993,186,166.65594,-19.34406
42,15,1,0,1,13.94,15.15,29,27.9993,225,235.21704,10.21704
42,18,1,0,1,6.56,6.06,40,31.0009,148,165.56566,17.56566
42,19,1,0,1,6.56,6.82,40,19.0012,132,136.77269,4.77269
42,20,1,0,1,5.74,6.06,42,22.0028,109,114.33387,5.33387
42,21,1,0,1,5.74,6.06,43,19.9995,90,98.85215,8.85215
42,22,1,0,1,5.74,7.575,43,11.0014,82,88.58347,6.58347
42,22,1,0,1,9.84,12.88,44,6.0032,100,115.860115,15.860115
42,23,1,0,1,5.74,6.82,43,15.0013,76,70.75446,-5.24554
42,23,1,0,1,9.02,11.365,51,8.9981,86,88.85963,2.85963
43,14,1,0,2,16.4,20.455,30,27.9993,213,238.4184,25.4184
43,23,1,0,1,11.48,15.91,41,0,92,116.22587,24.22587
44,11,1,0,2,12.3,15.15,45,11.0014,140,163.39555,23.39555
44,20,1,0,2,15.58,19.695,46,8.9981,234,213.71054,-20.28946
44,21,1,0,2,14.76,18.18,50,7.0015,161,160.13158,-0.86842
44,22,1,0,2,14.76,18.18,50,7.0015,130,144.721,14.721
44,23,1,0,2,14.76,18.18,50,6.0032,111,129.60728,18.60728
45,6,1,0,1,12.3,15.15,61,8.9981,117,90.97409,-26.02591
45,6,1,0,1,8.2,9.09,32,22.0028,53,62.226456,9.226456
45,7,1,0,1,8.2,9.09,32,23.9994,126,143.18694,17.18694
45,12,1,0,1,15.58,19.695,46,26.0027,184,195.20062,11.20062
45,13,1,0,1,16.4,20.455,43,19.0012,221,238.64845,17.64845
45,18,1,0,1,12.3,15.15,22,8.9981,261,278.10883,17.10883
45,19,1,0,1,11.48,14.395,26,8.9981,198,215.9836,17.9836
45,20,1,0,1,10.66,13.635,33,7.0015,153,158.33199,5.33199
45,21,1,0,1,9.84,14.395,52,0,121,133.75285,12.75285
45,22,1,0,1,13.94,17.425,49,7.0015,159,137.23604,-21.76396
45,22,1,0,1,9.84,14.395,44,0,96,119.89924,23.89924
45,23,1,0,1,13.94,17.425,53,6.0032,113,119.45454,6.45454
45,23,1,0,2,9.02,12.88,44,6.0032,76,99.9607,23.9607
46,6,1,0,1,8.2,9.85,55,15.0013,55,65.7862,10.7862
46,7,1,0,2,8.2,9.85,55,15.0013,128,126.117325,-1.882675
46,13,1,0,3,13.94,15.91,71,16.9979,119,107.275185,-11.724815
46,14,1,0,3,13.12,15.91,81,12.998,88,117.52537,29.52537
46,16,1,0,3,13.94,18.18,81,0,173,198.70438,25.70438
46,19,1,0,1,13.94,15.91,53,15.0013,211,223.63745,12.63745
46,21,1,0,1,14.76,17.425,46,12.998,146,158.23518,12.23518
46,22,1,0,2,13.12,17.425,81,0,165,137.52858,-27.47142
46,22,1,0,1,13.94,16.665,53,12.998,126,131.4771,5.4771
46,23,1,0,1,13.12,16.665,81,6.0032,128,112.94221,-15.05779
47,6,1,0,2,11.48,14.395,96,8.9981,96,76.42364,-19.57636
47,6,1,0,1,12.3,15.15,70,8.9981,71,92.58141,21.58141
47,9,1,0,1,14.76,17.425,57,12.998,201,224.93047,23.93047
47,11,1,0,1,14.76,16.665,62,27.9993,169,176.71497,7.71497
47,12,1,0,1,15.58,19.695,46,26.0027,219,196.01302,-22.98698
47,13,1,0,1,16.4,20.455,43,23.9994,253,234.54768,-18.45232
47,15,1,0,1,17.22,21.21,35,27.9993,271,284.88297,13.88297
47,20,1,0,1,16.4,20.455,35,12.998,223,246.42226,23.42226
47,21,1,0,1,15.58,19.695,37,12.998,182,186.28636,4.28636
47,22,1,0,1,14.76,17.425,40,15.0013,159,144.28282,-14.71718
47,23,1,0,1,14.76,17.425,40,12.998,136,129.46797,-6.53203
48,0,1,0,1,18.04,21.97,72,19.0012,50,50.352318,0.352318
48,6,1,0,2,18.04,21.97,72,11.0014,75,97.537186,22.537186
48,9,1,0,2,17.22,21.21,77,12.998,194,208.66417,14.66417
48,10,1,0,1,10.66,13.635,81,7.0015,228,222.06776,-5.93224
48,12,1,0,1,20.5,24.24,59,12.998,207,234.53777,27.53777
48,22,1,0,1,16.4,20.455,40,30.0026,171,175.79543,4.79543
48,23,1,0,2,14.76,16.665,40,26.0027,128,139.37166,11.37166
49,17,1,0,2,12.3,14.395,49,16.9979,207,227.07027,20.07027
49,18,1,0,2,12.3,13.635,49,22.0028,217,232.75874,15.75874
49,19,1,0,2,12.3,14.395,52,16.9979,171,199.13237,28.13237
49,20,1,0,2,12.3,14.395,52,19.0012,155,167.99013,12.99013
49,21,1,0,3,10.66,12.88,65,11.0014,92,116.79212,24.79212
49,22,1,0,3,9.84,12.88,75,6.0032,111,108.18894,-2.81106
49,23,1,0,2,9.02,11.365,93,11.0014,92,98.98463,6.98463
59,6,1,0,2,17.22,21.21,94,0,134,112.32494,-21.67506
59,6,1,0,1,8.2,9.09,59,19.9995,69,62.650208,-6.349792
59,7,1,0,1,8.2,9.09,59,22.0028,128,142.8053,14.8053
59,12,1,0,1,22.96,26.515,37,15.0013,242,251.17183,9.17183
59,18,1,0,1,13.12,15.91,39,12.998,273,275.52036,2.52036
59,20,1,0,1,12.3,15.91,61,6.0032,142,171.63231,29.63231
59,21,1,0,1,10.66,15.15,56,0,117,141.91786,24.91786
59,22,1,0,1,9.84,13.635,62,7.0015,101,103.584114,2.584114
59,23,1,0,1,14.76,17.425,50,15.0013,138,121.353676,-16.646324
59,23,1,0,1,9.84,11.365,65,15.0013,80,80.09858,0.09858
60,0,1,0,1,13.94,16.665,53,11.0014,61,51.66918,-9.33082
60,6,1,0,1,12.3,16.665,70,0,115,108.312515,-6.687485
60,6,1,0,1,9.02,10.605,55,16.9979,63,70.061584,7.061584
60,7,1,0,1,9.02,10.605,64,16.9979,132,153.46825,21.46825
60,11,1,0,1,15.58,19.695,46,12.998,219,213.70253,-5.29747
60,12,1,0,1,16.4,20.455,43,11.0014,253,229.21094,-23.78906
60,13,1,0,1,17.22,21.21,44,15.0013,271,263.69537,-7.30463
60,14,1,0,2,18.04,21.97,44,19.0012,255,248.49895,-6.50105
60,17,1,0,3,14.76,17.425,81,15.0013,182,202.1492,20.1492
60,18,1,0,3,14.76,17.425,87,12.998,213,215.3077,2.3077
60,20,1,0,2,14.76,17.425,87,12.998,155,160.67346,5.67346
60,22,1,0,2,14.76,18.94,87,0,132,151.49774,19.49774
61,6,1,0,1,5.74,6.06,33,19.9995,57,60.86921,3.86921
61,7,1,0,1,4.92,4.545,42,27.9993,130,130.67114,0.67114
61,9,1,0,1,6.56,6.82,37,19.0012,167,192.91609,25.91609
61,11,1,0,2,16.4,20.455,87,6.0032,240,226.76567,-13.23433
61,18,1,0,1,9.84,10.605,35,22.0028,217,217.59401,0.59401
61,19,1,0,1,8.2,9.85,40,16.9979,157,154.46648,-2.53352
61,20,1,0,1,8.2,11.365,40,6.0032,125,138.4105,13.4105
61,21,1,0,1,7.38,10.605,40,7.0015,105,117.90153,12.90153
61,22,1,0,1,8.2,12.88,40,0,107,111.840614,4.840614
61,22,1,0,1,18.04,21.97,21,8.9981,188,202.2029,14.2029
61,23,1,0,1,17.22,21.21,24,0,161,166.20143,5.20143
61,23,1,0,2,7.38,10.605,43,6.0032,78,88.6641,10.6641
62,6,1,0,2,6.56,9.85,74,6.0032,53,56.395943,3.395943
62,8,1,0,1,7.38,9.85,74,8.9981,248,234.5926,-13.4074
62,10,1,0,1,12.3,13.635,49,22.0028,215,196.70088,-18.29912
62,17,1,0,2,14.76,16.665,50,16.9979,276,260.4631,-15.5369
62,18,1,0,2,13.94,15.15,53,19.9995,236,253.79669,17.79669
62,20,1,0,2,12.3,14.395,70,12.998,142,143.05858,1.05858
62,20,1,0,1,11.48,13.635,38,16.9979,142,165.06105,23.06105
62,21,1,0,2,12.3,14.395,70,15.0013,125,126.64027,1.64027
62,21,1,0,1,11.48,13.635,36,15.0013,132,140.87373,8.87373
62,22,1,0,1,10.66,12.12,41,16.9979,115,115.504005,0.504005
62,22,1,0,1,12.3,14.395,70,12.998,100,109.0398,9.0398
62,23,1,0,2,12.3,15.15,75,11.0014,101,97.558846,-3.441154
62,23,1,0,1,10.66,12.88,41,12.998,82,102.52,20.52
63,11,1,0,2,16.4,20.455,76,15.0013,186,194.44785,8.44785
63,12,1,0,2,18.04,21.97,67,16.9979,190,183.2243,-6.7757
63,12,1,0,2,10.66,15.15,52,0,159,162.48517,3.48517
63,13,1,0,2,18.86,22.725,67,19.0012,242,213.5855,-28.4145
63,14,1,0,2,19.68,23.485,59,19.0012,248,246.06073,-1.93927
63,15,1,0,2,18.86,22.725,63,19.9995,255,253.22438,-1.77562
63,15,1,0,2,12.3,14.395,53,12.998,182,193.56996,11.56996
63,16,1,0,1,12.3,13.635,45,19.9995,257,239.32823,-17.67177
63,22,1,0,1,9.84,10.605,35,22.0028,130,111.9163,-18.0837
63,22,1,0,2,17.22,21.21,77,19.9995,119,139.75343,20.75343
63,23,1,0,2,18.04,21.97,77,19.9995,101,129.20464,28.20464
64,9,1,0,1,9.02,13.635,47,0,253,233.92165,-19.07835
64,12,1,0,1,10.66,13.635,41,7.0015,161,180.22632,19.22632
64,13,1,0,1,12.3,15.15,39,8.9981,215,215.16928,0.16928
64,16,1,0,1,14.76,16.665,32,19.0012,298,288.80634,-9.19366
64,22,1,0,2,9.02,9.85,100,26.0027,67,76.5984,9.5984
64,23,1,0,1,11.48,13.635,61,15.0013,109,93.23667,-15.76333
64,23,1,0,2,9.02,9.85,100,27.9993,65,69.06678,4.06678
65,6,1,0,1,8.2,9.09,75,26.0027,57,59.187363,2.187363
65,7,1,0,1,8.2,8.335,75,27.9993,113,138.1092,25.1092
65,8,1,0,1,8.2,9.09,75,26.0027,230,201.09187,-28.90813
65,9,1,0,1,9.02,9.09,64,31.0009,157,169.89899,12.89899
65,11,1,0,1,17.22,21.21,38,19.9995,188,213.93245,25.93245
65,12,1,0,1,18.04,21.97,38,26.0027,236,220.4308,-15.5692
65,13,1,0,1,20.5,24.24,34,27.9993,255,275.0082,20.0082
65,17,1,0,1,13.94,15.15,29,23.9994,280,292.607,12.607
65,18,1,0,1,13.12,15.15,31,15.0013,282,281.09546,-0.90454
65,19,1,0,1,12.3,14.395,33,15.0013,196,220.9782,24.9782
65,22,1,0,1,10.66,12.88,48,11.0014,90,113.64341,23.64341
65,23,1,0,1,18.04,21.97,62,22.0028,117,133.0031,16.0031
66,0,1,0,1,18.04,21.97,62,22.0028,61,51.92244,-9.07756
66,6,1,0,1,17.22,21.21,77,16.9979,132,109.80901,-22.19099
66,6,1,0,1,8.2,12.88,59,0,69,92.80798,23.80798
66,7,1,0,1,7.38,9.85,64,8.9981,150,159.00024,9.00024
66,14,1,0,2,25.42,31.06,43,43.0006,253,268.0775,15.0775
66,21,1,0,1,12.3,14.395,49,12.998,128,137.3173,9.3173
66,22,1,0,1,12.3,14.395,49,15.0013,109,121.31095,12.31095
66,23,1,0,1,11.48,13.635,61,12.998,96,93.6908,-2.3092
67,0,1,0,2,23.78,27.275,49,31.0009,69,50.872208,-18.127792
67,6,1,0,2,9.84,12.88,85,7.0015,73,71.66767,-1.33233
67,7,1,0,2,9.84,12.12,87,11.0014,163,150.8184,-12.1816
67,10,1,0,2,13.94,14.395,36,32.9975,182,160.85805,-21.14195
67,12,1,0,1,14.76,16.665,34,27.9993,221,218.97658,-2.02342
67,13,1,0,2,13.12,14.395,76,23.9994,151,128.39877,-22.60123
67,16,1,0,2,13.94,15.15,76,22.0028,165,192.4626,27.4626
67,17,1,0,2,13.94,15.15,76,19.9995,244,217.77426,-26.22574
67,18,1,0,2,13.94,15.91,76,16.9979,238,240.59726,2.59726
67,19,1,0,2,13.94,15.15,76,22.0028,186,191.83418,5.83418
67,20,1,0,2,13.12,15.91,87,12.998,146,143.50772,-2.49228
67,20,1,0,1,15.58,19.695,32,23.9994,211,238.0693,27.0693
67,21,1,0,1,14.76,16.665,34,22.0028,192,182.05284,-9.94716
67,21,1,0,2,13.12,15.15,93,22.0028,117,116.74134,-0.25866
67,22,1,0,1,13.94,14.395,31,32.9975,159,153.18016,-5.81984
67,22,1,0,3,13.12,15.91,93,11.0014,78,106.30183,28.30183
67,23,1,0,1,13.12,15.15,33,19.9995,140,119.80814,-20.19186
67,23,1,0,3,13.94,16.665,93,12.998,76,95.18217,19.18217
68,20,1,0,1,13.12,16.665,33,8.9981,175,198.37634,23.37634
68,21,1,0,1,12.3,14.395,39,15.0013,163,143.2498,-19.7502
69,6,1,0,1,10.66,12.12,81,19.0012,55,79.441345,24.441345
69,9,1,0,2,12.3,14.395,61,19.0012,178,172.31462,-5.68538
69,17,1,0,1,13.94,15.91,49,15.0013,271,288.1069,17.1069
69,19,1,0,1,12.3,13.635,56,22.0028,169,192.82979,23.82979
69,21,1,0,1,17.22,21.21,54,15.0013,200,199.54466,-0.45534
69,22,1,0,1,12.3,15.15,52,11.0014,119,121.516335,2.516335
69,22,1,0,1,16.4,20.455,54,12.998,148,150.51686,2.51686
69,23,1,0,1,12.3,14.395,52,16.9979,92,103.09345,11.09345
69,23,1,0,1,16.4,20.455,50,11.0014,107,133.89674,26.89674
70,6,1,0,1,13.94,17.425,57,7.0015,111,106.2801,-4.7199
70,12,1,0,1,19.68,23.485,39,15.0013,242,240.95311,-1.04689
70,12,1,0,1,13.94,15.91,53,19.0012,180,181.26054,1.26054
70,13,1,0,1,14.76,16.665,51,23.9994,207,200.21179,-6.78821
70,14,1,0,1,16.4,20.455,50,30.0026,217,242.18976,25.18976
70,21,1,0,2,22.14,25.76,56,15.0013,255,262.6021,7.6021
70,23,1,0,1,15.58,19.695,66,6.0032,105,126.97129,21.97129
71,0,1,0,1,15.58,19.695,62,7.0015,53,64.38102,11.38102
71,11,1,0,1,22.14,25.76,73,19.0012,246,236.10934,-9.89066
71,11,1,0,1,18.04,21.97,41,27.9993,207,205.96689,-1.03311
71,12,1,0,1,24.6,30.305,60,19.0012,265,262.04034,-2.95966
71,12,1,0,1,18.86,22.725,38,26.0027,215,225.48593,10.48593
71,13,1,0,1,18.86,22.725,38,26.0027,271,274.42435,3.42435
71,13,1,0,1,24.6,30.305,60,26.0027,282,287.92636,5.92636
71,21,1,0,1,12.3,14.395,56,16.9979,113,131.10524,18.10524
71,22,1,0,1,12.3,13.635,56,22.0028,92,112.969154,20.969154
71,22,1,0,1,22.96,26.515,60,6.0032,223,249.80203,26.80203
71,23,1,0,1,10.66,12.88,65,15.0013,84,85.28025,1.28025
72,6,1,0,1,18.04,21.97,82,6.0032,144,127.71888,-16.28112
72,11,1,0,2,25.42,31.06,41,11.0014,248,238.90302,-9.09698
72,12,1,0,2,26.24,31.06,29,0,288,275.3123,-12.6877
72,20,1,0,1,13.94,15.91,46,15.0013,180,191.24431,11.24431
72,22,1,0,1,21.32,25,55,8.9981,253,225.3707,-27.6293
72,22,1,0,1,13.12,16.665,49,7.0015,101,130.52495,29.52495
73,0,1,0,1,22.14,25.76,49,8.9981,76,85.06681,9.06681
73,6,1,0,1,18.04,21.97,72,6.0032,140,126.72831,-13.27169
73,6,1,0,1,9.02,11.365,80,12.998,59,82.05307,23.05307
73,7,1,0,1,9.84,12.12,75,11.0014,142,169.15227,27.15227
73,11,1,0,1,22.96,26.515,60,8.9981,238,254.19243,16.19243
73,13,1,0,2,14.76,16.665,57,19.0012,150,170.70238,20.70238
73,17,1,0,2,14.76,17.425,62,12.998,267,265.80765,-1.19235
73,18,1,0,2,14.76,16.665,62,19.9995,273,266.1584,-6.8416
73,19,1,0,2,13.94,15.91,71,19.0012,203,200.59003,-2.40997
73,20,1,0,2,13.94,15.91,71,19.0012,142,163.60231,21.60231
73,21,1,0,1,22.14,25.76,68,19.0012,292,267.81036,-24.18964
73,21,1,0,3,13.12,16.665,81,7.0015,111,119.413124,8.413124
73,22,1,0,1,21.32,25,68,8.9981,223,214.58205,-8.41795
73,23,1,0,1,19.68,23.485,72,12.998,151,155.45818,4.45818
73,23,1,0,2,13.12,15.91,87,11.0014,76,103.75678,27.75678
74,0,1,0,1,18.04,21.97,77,16.9979,73,58.049362,-14.950638
74,6,1,0,2,16.4,20.455,87,11.0014,123,98.43079,-24.56921
74,6,1,0,2,12.3,15.91,93,7.0015,57,86.89441,29.89441
74,7,1,0,2,12.3,14.395,93,12.998,134,161.21994,27.21994
74,8,1,0,2,13.12,15.91,93,0,275,253.79703,-21.20297
74,10,1,0,2,16.4,20.455,87,6.0032,207,234.43657,27.43657
74,11,1,0,2,18.04,21.97,77,0,234,238.97433,4.97433
74,14,1,0,2,19.68,23.485,72,0,253,282.9301,29.9301
74,21,1,0,2,18.04,21.97,94,0,207,200.23471,-6.76529
74,22,1,0,2,18.04,21.97,94,0,203,181.11545,-21.88455
74,23,1,0,2,18.04,21.97,94,0,182,161.05153,-20.94847
75,1,1,0,2,18.04,21.97,94,0,84,63.78563,-20.21437
75,2,1,0,2,18.04,21.97,88,0,55,57.94065,2.94065
75,6,1,0,1,13.12,15.91,76,12.998,75,98.75184,23.75184
75,7,1,0,1,13.12,16.665,76,8.9981,163,186.72658,23.72658
75,8,1,0,2,17.22,21.21,94,7.0015,240,251.74617,11.74617
75,9,1,0,1,16.4,20.455,62,16.9979,207,231.75162,24.75162
75,21,1,0,1,22.14,25.76,68,11.0014,275,272.4513,-2.5487
75,21,1,0,1,17.22,21.21,62,15.0013,190,193.72894,3.72894
75,22,1,0,1,22.14,25.76,68,0,263,235.49655,-27.50345
75,22,1,0,1,16.4,20.455,66,15.0013,142,144.45274,2.45274
75,23,1,0,1,17.22,21.21,62,19.0012,105,128.03706,23.03706
76,2,1,0,2,18.86,22.725,82,7.0015,69,52.991165,-16.008835
76,9,1,0,1,18.86,22.725,63,15.0013,232,244.64908,12.64908
76,12,1,0,2,22.96,26.515,49,23.9994,217,200.29265,-16.70735
77,0,1,0,2,24.6,31.06,53,16.9979,92,68.11062,-23.88938
77,1,1,0,2,23.78,27.275,46,23.9994,65,52.79113,-12.20887
77,6,1,0,1,18.86,22.725,88,8.9981,144,129.36351,-14.63649
77,11,1,0,1,18.86,22.725,36,30.0026,221,211.7285,-9.2715
77,11,1,0,1,22.96,26.515,68,11.0014,228,255.50629,27.50629
77,22,1,0,2,22.96,26.515,73,11.0014,201,219.18405,18.18405
77,23,1,0,1,15.58,19.695,40,19.9995,105,132.52309,27.52309
90,6,2,0,2,14.76,17.425,76,8.9981,121,108.787125,-12.212875
90,6,2,0,3,9.84,11.365,93,15.0013,53,66.28612,13.28612
90,8,2,0,2,10.66,12.12,87,16.9979,226,228.18205,2.18205
90,19,2,0,1,13.94,15.15,49,22.0028,186,197.38623,11.38623
90,20,2,0,1,13.12,15.91,53,12.998,130,147.55623,17.55623
90,21,2,0,1,13.12,16.665,53,8.9981,146,134.09901,-11.90099
90,21,2,0,2,20.5,24.24,59,11.0014,188,208.67458,20.67458
90,22,2,0,1,12.3,15.15,56,11.0014,128,110.06135,-17.93865
90,22,2,0,3,20.5,24.24,63,7.0015,125,141.33156,16.33156
90,23,2,0,1,12.3,15.91,61,6.0032,109,94.03922,-14.96078
90,23,2,0,3,18.86,22.725,72,0,121,111.389534,-9.610466
91,6,2,0,1,14.76,15.91,71,31.0009,130,107.40352,-22.59648
91,10,2,0,1,16.4,20.455,50,35.0008,226,225.98117,-0.01883
91,11,2,0,2,16.4,20.455,47,11.0014,223,224.46437,1.46437
91,11,2,0,1,17.22,21.21,47,30.0026,232,234.01892,2.01892
91,12,2,0,3,13.12,16.665,81,8.9981,207,197.4529,-9.5471
91,15,2,0,3,13.94,15.15,76,26.0027,188,168.27599,-19.72401
91,19,2,0,1,14.76,16.665,53,23.9994,200,207.58554,7.58554
91,20,2,0,1,13.94,15.91,53,19.0012,138,157.472,19.472
91,21,2,0,1,13.12,15.15,61,16.9979,130,123.84739,-6.15261
91,22,2,0,1,17.22,21.21,44,12.998,176,148.65088,-27.34912
91,22,2,0,1,13.12,15.15,61,19.9995,109,107.544014,-1.455986
91,23,2,0,1,13.12,15.91,61,11.0014,107,96.04658,-10.95342
91,23,2,0,1,18.04,21.97,35,11.0014,123,144.63835,21.63835
92,6,2,0,1,12.3,15.91,61,6.0032,123,125.06087,2.06087
92,10,2,0,1,16.4,20.455,43,27.9993,238,239.18774,1.18774
92,11,2,0,1,17.22,21.21,41,16.9979,267,256.45685,-10.54315
92,11,2,0,1,19.68,23.485,23,0,284,297.3578,13.3578
92,21,2,0,1,22.14,25.76,45,0,294,265.1718,-28.8282
92,22,2,0,1,20.5,24.24,51,0,211,198.8894,-12.1106
93,0,2,0,1,19.68,23.485,48,0,57,60.40557,3.40557
93,6,2,0,2,17.22,21.21,58,0,148,118.75316,-29.24684
93,7,2,0,2,18.04,21.97,54,16.9979,178,195.52441,17.52441
93,11,2,0,2,24.6,31.06,43,23.9994,240,234.38599,-5.61401
93,13,2,0,2,24.6,31.06,46,16.9979,300,273.46588,-26.53412
93,22,2,0,1,22.96,26.515,22,11.0014,234,263.96307,29.96307
93,23,2,0,1,21.32,25,23,27.9993,184,205.45386,21.45386
94,8,2,0,3,15.58,19.695,87,39.0007,180,171.23616,-8.76384
94,10,2,0,1,17.22,21.21,35,19.0012,269,258.31836,-10.68164
94,12,2,0,1,18.04,21.97,33,0,296,297.3374,1.3374
94,19,2,0,1,14.76,16.665,43,19.9995,211,219.9953,8.9953
94,20,2,0,1,13.94,15.91,46,19.0012,144,167.16512,23.16512
94,21,2,0,1,13.94,14.395,46,35.0008,142,147.61754,5.61754
94,22,2,0,1,13.12,15.15,49,19.9995,100,115.33561,15.33561
94,23,2,0,1,12.3,14.395,49,19.0012,80,95.428535,15.428535
95,6,2,0,1,12.3,13.635,49,26.0027,101,105.897545,4.897545
95,10,2,0,1,14.76,16.665,40,22.0028,259,255.93826,-3.06174
95,21,2,0,1,18.04,21.97,26,8.9981,242,213.73444,-28.26556
95,23,2,0,1,17.22,21.21,30,19.0012,167,140.50978,-26.49022
96,7,2,0,2,13.94,16.665,76,11.0014,182,190.34,8.34
96,19,2,0,1,18.86,22.725,59,19.9995,275,279.42404,4.42404
96,21,2,0,1,20.5,24.24,20,12.998,284,277.66125,-6.33875
96,21,2,0,2,18.04,21.97,67,19.0012,161,172.10738,11.10738
96,22,2,0,1,19.68,23.485,20,12.998,234,209.62585,-24.37415
96,22,2,0,2,16.4,20.455,76,12.998,136,125.44839,-10.55161
96,23,2,0,1,18.86,22.725,23,15.0013,173,158.34561,-14.65439
96,23,2,0,1,15.58,19.695,76,16.9979,109,100.75904,-8.24096
97,8,2,0,3,13.94,16.665,87,11.0014,242,227.19827,-14.80173
97,17,2,0,3,13.12,15.15,93,16.9979,201,204.09023,3.09023
97,19,2,0,3,12.3,13.635,93,27.9993,109,138.27788,29.27788
97,20,2,0,2,12.3,13.635,93,22.0028,119,113.259224,-5.740776
97,21,2,0,2,12.3,14.395,93,16.9979,109,100.574135,-8.425865
97,22,2,0,2,12.3,13.635,93,19.9995,107,83.03382,-23.96618
97,22,2,0,1,20.5,24.24,36,15.0013,173,197.20546,24.20546
97,23,2,0,2,12.3,14.395,93,15.0013,92,84.085335,-7.914665
98,6,2,0,1,17.22,21.21,26,15.0013,134,121.1935,-12.8065
98,11,2,0,1,21.32,25,27,27.9993,248,262.2908,14.2908
98,12,2,0,2,14.76,17.425,81,8.9981,225,232.26544,7.26544
98,13,2,0,2,14.76,18.94,81,0,273,265.15515,-7.84485
98,14,2,0,2,14.76,17.425,81,8.9981,263,251.9335,-11.0665
98,18,2,0,2,15.58,19.695,82,7.0015,228,245.58163,17.58163
98,19,2,0,2,15.58,19.695,82,8.9981,184,198.95876,14.95876
98,20,2,0,2,15.58,19.695,87,11.0014,148,153.28363,5.28363
98,21,2,0,2,14.76,17.425,93,8.9981,130,120.712135,-9.287865
98,21,2,0,3,19.68,23.485,41,27.9993,217,224.48314,7.48314
98,23,2,0,2,15.58,19.695,87,6.0032,115,108.32966,-6.67034
98,23,2,0,1,18.04,21.97,44,19.9995,123,135.4645,12.4645
99,6,2,0,1,13.94,17.425,71,7.0015,125,135.01036,10.01036
99,11,2,0,2,16.4,20.455,87,8.9981,228,247.22679,19.22679
99,12,2,0,2,17.22,21.21,88,8.9981,251,246.67918,-4.32082
99,12,2,0,1,22.14,25.76,22,19.0012,280,290.93323,10.93323
99,21,2,0,1,18.04,21.97,30,30.0026,255,227.5916,-27.4084
99,21,2,0,1,18.04,21.97,88,12.998,151,165.68997,14.68997
99,22,2,0,1,16.4,20.455,37,32.9975,178,166.1301,-11.8699
99,22,2,0,1,18.04,21.97,94,16.9979,115,129.77966,14.77966
99,23,2,0,1,14.76,16.665,40,27.9993,117,112.789925,-4.210075
99,23,2,0,1,18.86,22.725,88,23.9994,90,110.005745,20.005745
100,6,2,0,1,11.48,14.395,56,7.0015,126,117.71688,-8.28312
100,7,2,0,2,20.5,24.24,88,15.0013,200,218.91544,18.91544
100,11,2,0,2,15.58,19.695,43,22.0028,205,212.07817,7.07817
100,12,2,0,2,14.76,16.665,46,26.0027,203,213.77823,10.77823
100,13,2,0,2,16.4,20.455,40,23.9994,213,235.64781,22.64781
100,15,2,0,3,15.58,19.695,46,15.0013,251,264.15915,13.15915
100,23,2,0,1,13.94,15.15,57,19.9995,115,97.72938,-17.27062
100,23,2,0,3,23.78,27.275,60,0,111,124.654945,13.654945
101,6,2,0,1,12.3,14.395,65,16.9979,117,117.94714,0.94714
101,7,2,0,2,22.14,25.76,68,15.0013,211,216.18427,5.18427
101,8,2,0,3,19.68,23.485,88,26.0027,248,220.251,-27.749
101,11,2,0,1,17.22,21.21,47,19.9995,248,254.2184,6.2184
101,12,2,0,1,18.86,22.725,41,30.0026,278,250.84581,-27.15419
101,18,2,0,3,18.04,21.97,77,15.0013,275,251.40128,-23.59872
101,20,2,0,2,17.22,21.21,82,19.0012,157,176.89308,19.89308
101,21,2,0,2,17.22,21.21,82,12.998,140,141.29681,1.29681
101,22,2,0,2,16.4,20.455,94,19.9995,111,111.5402,0.5402
101,23,2,0,1,17.22,21.21,35,12.998,148,138.53581,-9.46419
101,23,2,0,2,16.4,20.455,94,16.9979,98,97.11228,-0.88772
102,6,2,0,1,13.12,15.91,57,11.0014,105,120.43345,15.43345
102,11,2,0,1,18.86,22.725,36,8.9981,257,282.13422,25.13422
102,21,2,0,1,17.22,21.21,67,11.0014,171,166.30373,-4.69627
102,21,2,0,1,20.5,24.24,36,0,242,249.09941,7.09941
102,22,2,0,1,17.22,21.21,67,12.998,153,135.78732,-17.21268
102,23,2,0,1,16.4,20.455,71,8.9981,119,110.85017,-8.14983
103,7,2,0,1,15.58,19.695,66,0,213,231.61397,18.61397
103,9,2,0,1,17.22,21.21,54,8.9981,286,288.7271,2.7271
103,21,2,0,2,22.96,26.515,43,8.9981,271,263.08344,-7.91656
103,21,2,0,1,18.86,22.725,63,8.9981,198,192.09245,-5.90755
103,22,2,0,1,19.68,23.485,55,7.0015,159,176.4846,17.4846
104,2,2,0,2,22.14,25.76,56,7.0015,84,55.78849,-28.21151
104,6,2,1,1,14.76,18.18,81,6.0032,82,61.345886,-20.654114
104,9,2,1,1,20.5,24.24,55,12.998,211,214.20183,3.20183
104,9,2,0,1,22.14,25.76,56,15.0013,273,288.56207,15.56207
104,23,2,1,2,14.76,17.425,81,12.998,130,105.48824,-24.51176
105,0,2,1,1,26.24,31.06,53,22.0028,67,96.85967,29.85967
105,5,2,1,1,22.14,25.76,77,15.0013,53,67.05953,14.05953
105,10,2,1,1,25.42,30.305,69,16.9979,259,244.97841,-14.02159
105,11,2,1,1,26.24,30.305,65,16.9979,286,287.6718,1.6718
105,23,2,0,2,18.04,21.97,77,19.0012,92,116.543785,24.543785
106,0,2,0,1,27.06,31.06,54,12.998,61,75.94492,14.94492
106,6,2,0,1,24.6,31.06,46,16.9979,165,149.85097,-15.14903
106,10,2,0,1,17.22,21.21,44,30.0026,234,243.68172,9.68172
106,10,2,0,1,24.6,31.06,38,27.9993,242,261.83984,19.83984
106,11,2,0,1,24.6,31.06,33,27.9993,265,266.3425,1.3425
106,12,2,0,1,24.6,31.06,33,23.9994,265,279.68494,14.68494
106,22,2,0,1,22.14,25.76,30,16.9979,215,231.6124,16.6124
106,23,2,0,1,18.04,21.97,67,11.0014,113,122.23414,9.23414
107,0,2,0,1,22.14,25.76,32,11.0014,55,56.849983,1.849983
107,10,2,0,3,19.68,23.485,47,15.0013,173,202.49052,29.49052
107,23,2,0,2,17.22,21.21,77,0,126,120.46673,-5.53327
108,6,2,0,2,16.4,20.455,82,7.0015,142,119.538704,-22.461296
108,7,2,0,2,21.32,25,55,0,209,227.4671,18.4671
108,20,2,0,2,20.5,24.24,72,15.0013,221,242.54729,21.54729
108,21,2,0,2,20.5,24.24,72,8.9981,176,201.27727,25.27727
108,22,2,0,1,19.68,23.485,77,6.0032,167,172.39081,5.39081
108,23,2,0,1,18.86,22.725,88,6.0032,109,135.13129,26.13129
120,1,2,0,1,17.22,21.21,69,7.0015,73,50.629284,-22.370716
120,2,2,0,1,17.22,21.21,77,7.0015,61,55.280476,-5.719524
120,7,2,0,2,20.5,24.24,94,16.9979,192,221.94786,29.94786
120,11,2,0,2,27.06,31.06,65,19.0012,255,263.58823,8.58823
120,12,2,0,2,28.7,32.575,58,15.0013,290,268.77972,-21.22028
120,13,2,0,2,29.52,33.335,51,15.0013,300,290.68353,-9.31647
120,19,2,0,2,18.86,22.725,84,7.0015,230,256.45923,26.45923
120,21,2,0,2,18.86,22.725,82,0,161,185.03117,24.03117
120,22,2,0,1,26.24,30.305,65,0,263,258.1728,-4.8272
120,22,2,0,2,18.86,22.725,82,0,155,158.15623,3.15623
121,0,2,0,1,24.6,28.79,78,7.0015,65,81.89977,16.89977
121,6,2,0,3,22.96,26.515,84,0,144,144.48338,0.48338
121,7,2,0,2,18.86,22.725,82,22.0028,230,202.88312,-27.11688
121,12,2,0,2,23.78,27.275,83,15.0013,267,263.44617,-3.55383
121,13,2,0,2,23.78,27.275,78,12.998,278,280.24814,2.24814
121,22,2,0,2,24.6,29.545,73,0,180,201.39809,21.39809
121,23,2,0,2,20.5,24.24,77,16.9979,153,130.39606,-22.60394
121,23,2,0,2,22.96,26.515,83,12.998,121,146.35603,25.35603
122,6,2,0,2,21.32,25,94,11.0014,134,143.30591,9.30591
122,12,2,0,2,27.88,31.82,61,32.9975,238,233.32607,-4.67393
122,13,2,0,2,28.7,32.575,58,40.9973,246,242.63875,-3.36125
122,21,2,0,2,26.24,31.06,61,30.0026,275,293.33685,18.33685
122,23,2,0,1,24.6,28.03,83,0,176,203.09584,27.09584
123,1,2,0,1,24.6,28.79,78,7.0015,63,81.19129,18.19129
123,6,2,0,1,22.14,25.76,94,7.0015,159,176.11281,17.11281
123,11,2,0,2,28.7,32.575,61,0,284,291.59662,7.59662
123,12,2,0,3,25.42,29.545,78,23.9994,196,217.2231,21.2231
123,13,2,0,2,18.86,22.725,59,30.0026,196,225.33852,29.33852
123,22,2,0,1,15.58,19.695,62,15.0013,144,124.191444,-19.808556
123,23,2,0,1,14.76,17.425,62,15.0013,113,101.52152,-11.47848
124,2,2,0,1,23.78,27.275,88,0,88,87.85274,-0.14726
124,6,2,0,1,13.94,15.91,66,16.9979,111,119.26868,8.26868
124,21,2,0,1,20.5,24.24,36,12.998,232,247.72862,15.72862
124,23,2,0,1,18.86,22.725,41,12.998,169,142.3297,-26.6703
125,7,2,0,1,16.4,20.455,82,0,242,242.45088,0.45088
125,12,2,0,1,22.96,26.515,49,23.9994,265,268.08057,3.08057
125,21,2,0,1,22.96,26.515,73,12.998,255,251.50487,-3.49513
125,21,2,0,1,19.68,23.485,67,8.9981,205,205.9579,0.9579
125,22,2,0,1,22.96,26.515,73,11.0014,211,207.5906,-3.4094
125,23,2,0,1,21.32,25,77,12.998,157,149.769,-7.231
126,1,2,0,1,17.22,21.21,82,7.0015,73,56.357903,-16.642097
126,2,2,0,1,17.22,21.21,82,6.0032,65,57.44243,-7.55757
126,6,2,0,1,18.86,22.725,88,7.0015,165,161.99123,-3.00877
126,11,2,0,2,22.14,25.76,73,12.998,240,261.75516,21.75516
126,21,2,0,1,22.14,25.76,49,15.0013,234,261.60822,27.60822
126,22,2,0,2,22.14,25.76,45,16.9979,225,213.88596,-11.11404
126,23,2,0,1,20.5,24.24,59,7.0015,173,158.62646,-14.37354
126,23,2,0,2,22.14,25.76,45,12.998,167,175.42906,8.42906
127,1,2,0,2,21.32,25,55,0,78,61.487595,-16.512405
127,2,2,0,1,19.68,23.485,63,0,71,60.17047,-10.82953
127,11,2,0,2,24.6,30.305,64,26.0027,244,238.17879,-5.82121
127,21,2,0,2,26.24,30.305,65,19.0012,275,285.58203,10.58203
127,22,2,0,3,24.6,28.79,78,16.9979,201,177.64856,-23.35144
127,22,2,0,1,20.5,24.24,88,6.0032,171,180.03642,9.03642
127,23,2,0,1,18.86,22.725,88,6.0032,107,135.76299,28.76299
128,0,2,0,1,18.86,22.725,82,6.0032,71,61.98963,-9.01037
128,0,2,0,2,23.78,27.275,83,12.998,53,52.40544,-0.59456
128,1,2,0,1,18.04,21.97,88,0,50,68.43995,18.43995
128,6,2,0,2,22.96,26.515,88,7.0015,150,146.49527,-3.50473
128,6,2,0,1,18.04,21.97,72,16.9979,113,137.13615,24.13615
128,7,2,0,1,19.68,23.485,63,16.9979,255,225.44615,-29.55385
128,11,2,0,2,25.42,31.06,59,19.9995,228,253.01671,25.01671
128,22,2,0,3,19.68,23.485,82,7.0015,125,120.00097,-4.99903
128,22,2,0,1,21.32,25,68,6.0032,171,192.96767,21.96767
128,23,2,0,3,19.68,23.485,82,12.998,113,104.55831,-8.44169
129,6,2,0,1,18.04,21.97,72,15.0013,161,138.434,-22.566
129,6,2,0,1,17.22,21.21,67,8.9981,134,135.86609,1.86609
129,12,2,0,1,21.32,25,48,27.9993,290,262.22363,-27.77637
129,21,2,0,1,22.14,25.76,52,0,253,265.5722,12.5722
129,22,2,0,1,21.32,25,55,7.0015,203,201.5777,-1.4223
129,23,2,0,2,21.32,25,59,8.9981,136,147.23021,11.23021
130,0,2,0,2,21.32,25,55,8.9981,55,50.13231,-4.86769
130,21,2,0,1,22.14,25.76,60,0,284,257.95703,-26.04297
130,23,2,0,1,18.86,22.725,88,16.9979,138,113.66532,-24.33468
131,6,2,0,1,18.04,21.97,88,0,136,163.13599,27.13599
131,9,2,0,2,20.5,24.24,77,19.0012,236,260.11737,24.11737
131,13,2,0,2,25.42,31.06,57,19.9995,269,280.23047,11.23047
131,21,2,0,1,22.96,26.515,83,8.9981,275,246.07133,-28.92867
131,21,2,0,2,24.6,30.305,60,8.9981,280,266.71136,-13.28864
131,23,2,0,2,22.14,25.76,77,12.998,159,141.45715,-17.54285
132,6,2,0,3,20.5,24.24,88,8.9981,107,122.75674,15.75674
132,7,2,0,3,20.5,24.24,88,11.0014,180,209.06715,29.06715
132,9,2,0,2,20.5,24.24,88,12.998,257,280.7857,23.7857
132,12,2,0,2,21.32,25,88,12.998,246,262.41843,16.41843
132,21,2,0,2,21.32,25,84,11.0014,207,206.94356,-0.05644
132,22,2,0,2,21.32,25,83,15.0013,186,161.12431,-24.87569
133,0,2,0,2,24.6,31.06,56,16.9979,53,58.614136,5.614136
133,6,2,0,3,21.32,25,94,19.9995,90,115.19819,25.19819
133,20,2,0,3,22.14,25.76,94,8.9981,211,218.06332,7.06332
133,21,2,0,2,23.78,27.275,83,6.0032,207,235.77328,28.77328
133,22,2,0,2,23.78,27.275,78,6.0032,184,193.7552,9.7552
133,23,2,0,3,21.32,25,100,12.998,103,100.83022,-2.16978
133,23,2,0,2,23.78,27.275,78,7.0015,132,153.56165,21.56165
134,0,2,0,2,22.96,26.515,88,8.9981,51,54.27179,3.27179
134,0,2,0,2,21.32,25,100,0,59,63.51049,4.51049
134,1,2,0,2,21.32,25,100,7.0015,63,56.743965,-6.256035
134,2,2,0,2,21.32,25,100,8.9981,63,54.71386,-8.28614
134,23,2,0,3,22.96,26.515,88,7.0015,128,106.90649,-21.09351
134,23,2,0,1,22.14,25.76,88,15.0013,126,152.53888,26.53888
135,0,2,0,2,23.78,27.275,88,0,59,66.50891,7.50891
135,0,2,0,1,21.32,25,94,7.0015,57,74.40672,17.40672
135,6,2,0,1,22.14,25.76,94,6.0032,180,177.59796,-2.40204
135,22,2,0,1,22.96,26.515,88,6.0032,182,206.40532,24.40532
135,23,2,0,1,25.42,29.545,78,7.0015,188,199.6364,11.6364
136,0,2,0,1,24.6,28.79,78,8.9981,96,75.75082,-20.24918
136,0,2,0,2,22.96,26.515,88,0,50,63.958107,13.958107
136,12,2,0,3,22.96,26.515,83,27.9993,178,204.79326,26.79326
136,21,2,0,1,22.14,25.76,88,16.9979,226,224.8035,-1.1965
136,22,2,0,2,22.14,25.76,88,19.0012,153,168.58737,15.58737
136,23,2,0,2,22.14,25.76,88,16.9979,113,131.82631,18.82631
137,1,2,0,1,20.5,24.24,59,6.0032,63,52.20533,-10.79467
137,9,2,0,3,22.96,26.515,83,16.9979,226,244.05101,18.05101
137,20,2,0,3,22.96,26.515,88,8.9981,265,235.67377,-29.32623
137,22,2,0,1,21.32,25,83,0,173,202.02217,29.02217
138,6,2,0,2,20.5,24.24,94,0,128,144.11258,16.11258
138,13,2,0,3,23.78,27.275,64,16.9979,234,226.67311,-7.32689
138,21,2,0,1,22.14,25.76,77,19.0012,261,234.22383,-26.77617
138,22,2,0,3,20.5,24.24,82,19.9995,136,138.29228,2.29228
151,0,2,0,1,28.7,33.335,79,11.0014,53,67.662025,14.662025
151,1,2,0,1,26.24,31.06,53,15.0013,50,64.33909,14.33909
151,5,2,0,2,25.42,29.545,78,6.0032,51,76.11501,25.11501
151,6,2,0,3,25.42,28.03,88,8.9981,165,145.6668,-19.3332
151,6,2,0,2,27.88,31.82,89,6.0032,153,156.5677,3.5677
151,11,2,0,2,28.7,33.335,74,19.0012,261,275.45773,14.45773
151,23,2,0,3,24.6,27.275,88,8.9981,130,112.78216,-17.21784
152,0,2,0,1,30.34,32.575,40,23.9994,59,68.27152,9.27152
152,2,2,0,2,22.14,25.76,88,0,55,60.026367,5.026367
152,6,2,0,1,27.06,31.06,39,8.9981,136,162.93913,26.93913
152,22,2,0,1,23.78,27.275,46,8.9981,278,253.25801,-24.74199
153,0,2,0,1,25.42,31.06,38,19.0012,84,64.39369,-19.60631
153,3,2,0,1,21.32,25,63,7.0015,59,52.290596,-6.709404
153,6,2,0,1,22.14,25.76,45,19.9995,128,136.51405,8.51405
153,22,2,0,1,25.42,31.06,50,26.0027,276,277.64917,1.64917
153,23,2,0,1,23.78,27.275,46,7.0015,223,209.44685,-13.55315
154,0,2,0,1,23.78,27.275,53,0,67,67.26321,0.26321
154,6,2,0,1,21.32,25,68,0,161,152.35374,-8.64626
154,11,2,0,1,26.24,31.06,38,32.9975,265,270.60126,5.60126
154,22,2,0,1,22.96,26.515,52,19.0012,221,230.7813,9.7813
154,23,2,0,2,26.24,31.06,57,0,205,184.41862,-20.58138
155,2,2,0,2,26.24,31.06,61,11.0014,76,67.81752,-8.18248
155,3,2,0,2,25.42,30.305,65,11.0014,57,66.34026,9.34026
155,10,2,0,2,25.42,29.545,73,6.0032,276,292.21982,16.21982
155,11,2,0,2,22.96,26.515,56,12.998,253,262.80676,9.80676
155,12,2,0,2,22.14,25.76,56,15.0013,267,255.58633,-11.41367
155,22,2,0,1,22.96,26.515,52,7.0015,244,235.77032,-8.22968
155,23,2,0,1,22.14,25.76,56,6.0032,167,179.9334,12.9334
156,0,2,0,1,21.32,25,59,6.0032,65,51.983627,-13.016373
156,23,2,0,1,21.32,25,77,0,178,177.05614,-0.94386
157,0,2,0,1,21.32,25,77,8.9981,76,56.789238,-19.210762
157,6,2,0,1,24.6,28.79,78,8.9981,150,166.04332,16.04332
157,22,2,0,1,24.6,31.06,46,11.0014,278,273.41565,-4.58435
158,0,2,0,1,27.06,29.545,89,8.9981,61,72.536736,11.536736
158,6,2,0,1,21.32,25,68,6.0032,161,146.63356,-14.36644
159,0,2,0,2,30.34,35.605,79,8.9981,67,63.47518,-3.52482
159,3,2,0,1,25.42,31.06,57,0,51,66.54356,15.54356
159,6,2,0,2,29.52,35.605,84,6.0032,144,157.93808,13.93808
160,0,2,0,3,28.7,32.575,65,15.0013,86,69.51705,-16.48295
160,2,2,0,1,26.24,30.305,69,8.9981,86,61.875854,-24.124146
161,0,2,0,1,28.7,32.575,65,7.0015,59,62.451653,3.451653
161,1,2,0,1,28.7,33.335,79,6.0032,92,63.46914,-28.53086
161,2,2,0,1,28.7,33.335,79,7.0015,75,63.92514,-11.07486
161,6,2,0,1,25.42,28.79,83,7.0015,167,166.3401,-0.6599
161,12,2,0,2,32.8,36.365,43,12.998,282,265.05292,-16.94708
161,13,2,0,2,32.8,35.605,41,19.9995,300,297.2857,-2.7143
161,22,2,0,1,27.06,30.305,78,15.0013,244,265.22565,21.22565
162,2,2,0,1,26.24,28.79,89,16.9979,78,72.31391,-5.68609
162,6,2,0,2,24.6,27.275,88,8.9981,159,148.03856,-10.96144
162,22,2,0,1,27.06,29.545,94,7.0015,261,245.05757,-15.94243
162,23,2,0,3,27.06,29.545,94,15.0013,148,135.33862,-12.66138
163,0,2,0,2,27.06,29.545,94,12.998,53,58.45488,5.45488
163,6,2,0,1,22.14,25.76,64,27.9993,128,131.7668,3.7668
163,10,2,0,2,26.24,30.305,65,27.9993,225,253.08362,28.08362
163,11,2,0,2,27.06,31.06,54,30.0026,271,244.46263,-26.53737
163,22,2,0,1,25.42,31.06,50,19.9995,288,281.80496,-6.19504
164,0,2,0,1,24.6,31.06,53,19.9995,65,54.01175,-10.98825
164,6,2,0,1,22.14,25.76,56,19.9995,136,134.88722,-1.11278
164,12,2,0,2,27.06,31.06,61,15.0013,286,270.8852,-15.1148
164,22,2,0,1,23.78,27.275,60,15.0013,240,240.01102,0.01102
164,23,2,0,1,22.96,26.515,68,15.0013,165,174.1223,9.1223
165,1,2,0,1,23.78,27.275,78,12.998,67,60.139572,-6.860428
165,6,2,0,1,22.14,25.76,83,8.9981,173,158.18195,-14.81805
165,6,2,0,1,20.5,24.24,63,16.9979,144,132.16983,-11.83017
166,0,2,0,1,24.6,31.06,56,7.0015,65,62.450493,-2.549507
166,2,2,0,1,23.78,27.275,53,0,78,66.619484,-11.380516
166,6,2,0,3,23.78,27.275,73,11.0014,136,135.30434,-0.69566
166,7,2,0,3,22.96,26.515,78,11.0014,211,220.41872,9.41872
166,9,2,0,2,25.42,30.305,65,12.998,284,278.3684,-5.6316
166,21,2,0,3,25.42,28.79,83,16.9979,242,222.6587,-19.3413
166,22,2,0,3,25.42,28.79,83,16.9979,205,177.23572,-27.76428
166,23,2,0,1,24.6,31.06,53,19.9995,234,224.25154,-9.74846
167,2,2,0,1,22.96,26.515,56,6.0032,84,59.73497,-24.26503
167,7,2,0,1,24.6,28.03,83,0,271,253.60617,-17.39383
167,22,2,0,1,25.42,28.03,88,8.9981,228,236.30064,8.30064
167,23,2,0,1,23.78,27.275,64,12.998,163,192.85625,29.85625
168,2,2,0,1,24.6,27.275,88,0,67,69.38041,2.38041
168,9,2,0,2,22.14,25.76,83,15.0013,273,280.8865,7.8865
168,22,2,0,2,25.42,29.545,73,11.0014,219,217.20354,-1.79646
168,23,2,0,3,24.6,28.79,78,12.998,132,127.51914,-4.48086
168,23,2,0,2,29.52,34.09,62,0,205,208.09866,3.09866
169,0,2,0,2,24.6,28.79,78,11.0014,53,60.123528,7.123528
169,1,2,0,2,28.7,32.575,65,6.0032,92,66.403595,-25.596405
169,2,2,0,1,27.88,31.82,74,6.0032,84,60.05755,-23.94245
169,10,2,0,2,28.7,32.575,61,7.0015,269,280.84216,11.84216
181,0,3,0,1,27.06,31.06,50,0,84,54.446022,-29.553978
181,6,3,0,1,25.42,30.305,61,8.9981,132,147.69296,15.69296
181,7,3,0,1,27.06,31.06,54,7.0015,263,255.40836,-7.59164
181,9,3,0,1,30.34,32.575,35,11.0014,282,298.34784,16.34784
182,0,3,0,2,31.16,35.605,58,15.0013,61,51.69345,-9.30655
182,2,3,0,1,26.24,31.06,53,0,65,54.501633,-10.498367
182,6,3,0,1,28.7,32.575,58,7.0015,159,142.80534,-16.19466
183,9,3,0,1,32.8,37.12,49,11.0014,294,296.52258,2.52258
183,10,3,0,1,30.34,34.85,66,11.0014,288,297.42114,9.42114
183,20,3,0,3,27.06,30.305,83,0,230,232.0139,2.0139
183,21,3,0,2,27.06,30.305,83,11.0014,221,207.82275,-13.17725
183,21,3,0,2,28.7,32.575,70,19.0012,250,259.44763,9.44763
183,22,3,0,1,27.88,31.82,79,12.998,230,212.13988,-17.86012
184,2,3,1,1,26.24,28.79,83,0,86,61.982628,-24.017372
184,3,3,1,1,27.88,31.82,74,12.998,53,61.301617,8.301617
184,6,3,1,1,27.06,31.06,69,0,69,78.0552,9.0552
184,9,3,1,2,29.52,34.09,66,6.0032,273,248.40027,-24.59973
184,23,3,1,2,29.52,34.09,70,7.0015,203,196.3043,-6.6957
185,6,3,0,1,29.52,33.335,58,0,157,154.74406,-2.25594
185,6,3,0,1,27.06,31.06,74,6.0032,119,135.65492,16.65492
185,11,3,0,1,36.9,40.91,35,19.9995,273,297.34534,24.34534
185,12,3,0,1,36.9,40.91,35,23.9994,298,293.70245,-4.29755
186,6,3,0,1,30.34,34.85,66,12.998,155,139.95714,-15.04286
186,6,3,0,1,28.7,33.335,79,6.0032,146,136.62868,-9.37132
186,9,3,0,3,28.7,33.335,79,12.998,215,239.31125,24.31125
186,21,3,0,1,28.7,33.335,79,12.998,294,267.973,-26.027
186,22,3,0,1,28.7,33.335,79,12.998,240,225.75612,-14.24388
186,23,3,0,1,27.88,31.82,83,15.0013,155,166.01436,11.01436
187,6,3,0,2,26.24,28.79,89,8.9981,144,131.10216,-12.89784
187,9,3,0,1,34.44,41.665,59,11.0014,280,296.62628,16.62628
187,23,3,0,1,29.52,34.09,66,0,186,206.88818,20.88818
188,6,3,0,1,28.7,33.335,74,7.0015,128,136.29353,8.29353
188,9,3,0,2,31.16,36.365,70,19.9995,265,258.66046,-6.33954
188,12,3,0,2,31.16,36.365,70,19.0012,236,260.31546,24.31546
188,13,3,0,2,31.98,37.88,66,19.0012,280,282.06848,2.06848
189,6,3,0,3,26.24,28.79,89,16.9979,117,129.27652,12.27652
189,9,3,0,1,30.34,34.09,58,19.0012,271,292.84003,21.84003
189,10,3,0,1,31.16,34.85,52,11.0014,288,296.15,8.15
189,11,3,0,2,29.52,34.09,62,8.9981,244,269.11307,25.11307
189,12,3,0,2,30.34,34.09,58,8.9981,288,272.43848,-15.56152
189,22,3,0,2,29.52,33.335,58,7.0015,276,252.11987,-23.88013
189,22,3,0,1,29.52,34.09,62,11.0014,267,273.10812,6.10812
189,23,3,0,2,28.7,32.575,65,7.0015,186,173.13103,-12.86897
190,5,3,0,1,27.06,30.305,83,8.9981,50,57.814613,7.814613
190,10,3,0,1,31.16,34.85,55,8.9981,292,298.3283,6.3283
190,11,3,0,1,32.8,36.365,46,12.998,275,298.44836,23.44836
190,21,3,0,3,26.24,28.79,89,7.0015,148,164.02759,16.02759
191,6,3,0,1,27.88,31.82,74,12.998,146,136.82199,-9.17801
191,11,3,0,2,31.16,35.605,58,8.9981,257,272.94876,15.94876
191,22,3,0,1,29.52,33.335,58,16.9979,294,289.7251,-4.2749
191,23,3,0,2,28.7,32.575,58,16.9979,205,193.83925,-11.16075
192,0,3,0,2,27.88,31.82,61,0,75,51.64849,-23.35151
192,5,3,0,1,25.42,29.545,73,7.0015,50,60.928665,10.928665
192,6,3,0,1,30.34,34.09,58,15.0013,140,143.85483,3.85483
193,1,3,0,2,27.88,31.82,54,7.0015,75,57.836853,-17.163147
193,6,3,0,1,30.34,34.09,58,11.0014,146,143.69403,-2.30597
193,6,3,0,2,28.7,32.575,54,0,151,159.53358,8.53358
193,10,3,0,2,30.34,33.335,48,0,292,283.3346,-8.6654
193,22,3,0,1,27.88,31.82,83,12.998,238,209.42651,-28.57349
193,23,3,0,2,29.52,32.575,45,8.9981,265,244.49011,-20.50989
193,23,3,0,1,27.06,30.305,83,16.9979,173,156.65718,-16.34282
194,3,3,0,2,28.7,32.575,54,7.0015,51,59.17285,8.17285
194,6,3,0,1,24.6,30.305,60,15.0013,153,153.06097,0.06097
194,22,3,0,1,26.24,31.06,57,6.0032,228,233.43636,5.43636
194,23,3,0,1,26.24,30.305,65,16.9979,178,175.07144,-2.92856
195,6,3,0,2,24.6,29.545,73,7.0015,144,136.53613,-7.46387
195,21,3,0,1,29.52,34.85,79,6.0032,276,279.842,3.842
195,22,3,0,1,27.06,31.06,57,15.0013,275,253.09831,-21.90169
196,5,3,0,1,27.06,30.305,78,7.0015,57,56.26996,-0.73004
196,6,3,0,1,27.88,31.82,79,8.9981,163,134.14491,-28.85509
196,22,3,0,1,28.7,32.575,65,19.0012,253,258.78018,5.78018
196,23,3,0,1,27.88,31.82,61,15.0013,221,201.80573,-19.19427
196,23,3,0,1,30.34,35.605,74,6.0032,221,213.73587,-7.26413
197,12,3,0,2,36.9,40.91,35,0,278,297.37347,19.37347
198,5,3,0,1,29.52,34.09,70,11.0014,53,55.590775,2.590775
198,6,3,0,1,26.24,28.79,83,7.0015,130,136.71832,6.71832
199,6,3,0,2,29.52,34.85,74,7.0015,159,134.16727,-24.83273
199,12,3,0,1,34.44,39.395,49,19.0012,296,296.59344,0.59344
199,22,3,0,3,27.06,29.545,89,16.9979,126,136.2792,10.2792
199,23,3,0,3,27.06,29.545,89,15.0013,123,93.61927,-29.38073
199,23,3,0,3,29.52,34.85,79,11.0014,150,145.82695,-4.17305
212,6,3,0,1,27.06,30.305,83,6.0032,126,134.30705,8.30705
212,23,3,0,1,28.7,33.335,74,0,207,192.46497,-14.53503
213,6,3,0,1,27.88,31.82,69,7.0015,142,138.52727,-3.47273
213,23,3,0,1,29.52,34.09,70,16.9979,230,218.23851,-11.76149
214,0,3,0,2,32.8,37.12,49,11.0014,61,55.497963,-5.502037
214,6,3,0,3,29.52,34.09,66,32.9975,134,142.93036,8.93036
214,10,3,0,2,32.8,37.12,52,12.998,275,276.86453,1.86453
214,11,3,0,2,34.44,39.395,49,19.0012,288,273.54688,-14.45312
214,22,3,0,3,27.88,31.82,89,7.0015,136,155.96489,19.96489
214,23,3,0,2,27.88,31.82,89,6.0032,115,134.45189,19.45189
215,6,3,0,2,27.88,31.82,89,19.9995,123,130.05458,7.05458
215,21,3,0,2,28.7,33.335,74,12.998,263,266.37775,3.37775
215,22,3,0,1,27.88,31.82,74,12.998,228,229.81805,1.81805
215,23,3,0,1,31.16,36.365,66,19.9995,275,258.00406,-16.99594
215,23,3,0,1,27.06,31.06,74,7.0015,188,173.83676,-14.16324
216,6,3,0,1,26.24,29.545,78,8.9981,126,140.03554,14.03554
216,21,3,0,1,29.52,34.85,79,7.0015,261,287.10834,26.10834
216,22,3,0,1,28.7,32.575,65,15.0013,242,264.69653,22.69653
216,23,3,0,1,27.88,31.82,69,15.0013,194,196.37906,2.37906
217,22,3,0,1,30.34,34.85,70,6.0032,261,270.1486,9.1486
217,23,3,0,3,28.7,33.335,84,19.0012,165,136.80843,-28.19157
218,10,3,0,2,30.34,34.85,70,8.9981,276,276.16284,0.16284
218,22,3,0,1,29.52,34.85,74,7.0015,276,252.93826,-23.06174
218,23,3,0,1,29.52,34.85,79,0,194,199.6396,5.6396
219,6,3,0,1,28.7,32.575,65,19.0012,119,142.39995,23.39995
219,11,3,0,2,32.8,37.12,52,0,267,292.925,25.925
219,23,3,0,1,29.52,34.09,70,8.9981,192,215.96346,23.96346
221,0,3,0,1,30.34,33.335,51,15.0013,55,50.78031,-4.21969
221,6,3,0,1,27.88,31.82,61,0,144,161.64748,17.64748
221,22,3,0,1,29.52,34.85,74,19.0012,271,260.92114,-10.07886
221,23,3,0,1,29.52,34.09,70,19.0012,246,221.85892,-24.14108
222,0,3,0,1,28.7,31.82,45,7.0015,63,55.96434,-7.03566
222,6,3,0,1,25.42,30.305,65,11.0014,130,149.54254,19.54254
223,7,3,0,1,26.24,31.06,44,11.0014,282,283.7691,1.7691
223,22,3,0,1,27.88,31.82,51,0,282,295.68066,13.68066
224,10,3,0,2,29.52,34.85,74,15.0013,284,268.4381,-15.5619
224,21,3,0,2,27.88,31.82,83,26.0027,221,243.38736,22.38736
224,22,3,0,2,27.88,31.82,83,26.0027,209,199.25453,-9.74547
224,23,3,0,1,28.7,32.575,70,15.0013,184,208.06827,24.06827
225,7,3,0,2,27.06,30.305,83,6.0032,203,225.72339,22.72339
225,21,3,0,3,24.6,27.275,88,32.9975,209,184.16081,-24.83919
225,23,3,0,3,24.6,28.03,83,0,86,89.011055,3.011055
225,23,3,0,1,29.52,34.09,66,11.0014,221,225.35963,4.35963
226,6,3,0,1,24.6,27.275,88,16.9979,115,143.41774,28.41774
226,10,3,0,2,29.52,34.09,62,12.998,259,272.83398,13.83398
226,11,3,0,2,30.34,34.09,58,12.998,261,276.1594,15.1594
226,22,3,0,1,28.7,32.575,61,11.0014,278,282.07245,4.07245
226,23,3,0,1,27.88,31.82,65,7.0015,194,201.31203,7.31203
227,6,3,0,1,25.42,29.545,73,22.0028,142,149.5581,7.5581
227,23,3,0,1,28.7,32.575,54,7.0015,276,248.53197,-27.46803
228,0,3,0,1,27.88,12.12,57,11.0014,101,75.32185,-25.67815
228,1,3,0,1,27.06,12.12,65,7.0015,67,72.77675,5.77675
228,6,3,0,1,25.42,29.545,78,0,130,142.46654,12.46654
229,6,3,0,2,26.24,29.545,78,16.9979,128,134.64903,6.64903
229,23,3,0,2,28.7,33.335,74,8.9981,171,179.43521,8.43521
230,0,3,0,3,27.88,31.82,69,12.998,80,51.16314,-28.83686
230,3,3,0,2,25.42,30.305,61,11.0014,65,55.233276,-9.766724
230,6,3,0,1,26.24,28.79,83,0,119,136.29987,17.29987
230,9,3,0,2,27.06,31.06,74,0,294,284.5663,-9.4337
230,22,3,0,1,24.6,27.275,88,8.9981,178,174.05132,-3.94868
243,6,3,0,1,24.6,28.79,78,0,130,149.57542,19.57542
243,9,3,0,2,31.16,35.605,58,12.998,261,279.52002,18.52002
243,23,3,0,1,26.24,30.305,65,16.9979,180,192.0011,12.0011
244,12,3,0,2,27.06,31.06,69,15.0013,282,272.0061,-9.9939
244,22,3,0,2,26.24,30.305,73,11.0014,201,205.31424,4.31424
244,23,3,0,2,26.24,30.305,73,11.0014,155,158.18065,3.18065
245,6,3,1,1,27.06,29.545,94,0,53,75.60655,22.60655
245,8,3,1,2,28.7,33.335,84,7.0015,165,190.97905,25.97905
245,9,3,1,2,28.7,33.335,84,8.9981,263,239.75911,-23.24089
245,11,3,0,3,27.06,31.06,69,19.0012,223,241.85065,18.85065
245,22,3,0,1,27.88,31.82,83,7.0015,217,226.95802,9.95802
245,22,3,1,2,28.7,33.335,84,8.9981,188,208.14447,20.14447
245,23,3,0,1,27.06,31.06,85,8.9981,180,168.22618,-11.77382
247,10,3,1,2,28.7,32.575,70,11.0014,278,267.02417,-10.97583
247,10,3,0,2,31.16,36.365,70,11.0014,261,281.62085,20.62085
247,19,3,1,3,27.06,29.545,94,7.0015,240,229.076,-10.924
247,22,3,0,1,29.52,34.85,79,0,273,258.27606,-14.72394
247,22,3,1,2,24.6,27.275,88,39.0007,130,150.86952,20.86952
247,23,3,0,1,28.7,33.335,84,6.0032,205,192.04478,-12.95522
247,23,3,1,3,22.96,26.515,88,26.0027,88,111.39777,23.39777
248,7,3,0,2,22.14,25.76,83,23.9994,194,223.47346,29.47346
248,20,3,0,3,22.14,25.76,88,19.9995,217,214.65544,-2.34456
248,21,3,0,3,22.14,25.76,88,19.0012,176,162.4459,-13.5541
248,22,3,0,2,22.14,25.76,94,22.0028,140,119.89182,-20.10818
249,6,3,0,1,25.42,28.03,88,7.0015,163,139.78932,-23.21068
249,6,3,0,3,24.6,27.275,88,7.0015,101,126.60711,25.60711
249,23,3,0,3,25.42,27.275,94,12.998,84,89.203865,5.203865
250,7,3,0,3,25.42,27.275,94,7.0015,203,211.34236,8.34236
250,19,3,0,3,23.78,27.275,88,7.0015,267,292.35876,25.35876
250,20,3,0,2,23.78,27.275,88,6.0032,248,259.22296,11.22296
250,21,3,0,2,24.6,28.03,83,11.0014,234,222.31538,-11.68462
250,22,3,0,3,25.42,25.76,100,6.0032,128,133.84056,5.84056
250,23,3,0,3,25.42,25.76,100,6.0032,86,88.28852,2.28852
251,3,3,0,1,22.14,25.76,73,15.0013,55,60.29779,5.29779
251,5,3,0,1,21.32,25,77,12.998,59,71.044846,12.044846
251,21,3,0,1,27.06,29.545,89,0,257,265.88174,8.88174
251,22,3,0,1,25.42,27.275,94,0,215,193.18958,-21.81042
251,22,3,0,1,23.78,27.275,49,16.9979,240,268.3659,28.3659
252,0,3,0,1,22.96,26.515,52,19.0012,57,66.635315,9.635315
252,21,3,0,1,26.24,29.545,78,6.0032,282,271.65088,-10.34912
252,22,3,0,1,26.24,29.545,78,0,228,220.84149,-7.15851
252,22,3,0,1,22.14,25.76,52,8.9981,211,226.82729,15.82729
252,23,3,0,1,22.14,25.76,52,0,148,176.14111,28.14111
253,0,3,0,1,21.32,25,59,7.0015,50,65.63898,15.63898
253,5,3,0,1,18.86,22.725,72,6.0032,50,70.867455,20.867455
253,23,3,0,1,22.14,25.76,68,7.0015,165,146.68416,-18.31584
253,23,3,0,3,23.78,27.275,78,6.0032,103,102.3025,-0.6975
254,0,3,0,1,21.32,25,72,7.0015,67,55.614243,-11.385757
254,5,3,0,1,20.5,24.24,72,6.0032,53,76.12692,23.12692
254,6,3,0,1,22.96,26.515,83,0,134,147.8466,13.8466
254,22,3,0,1,25.42,28.79,83,11.0014,205,202.55606,-2.44394
254,23,3,0,1,22.96,26.515,68,7.0015,182,153.25783,-28.74217
254,23,3,0,1,25.42,28.79,83,7.0015,126,155.72986,29.72986
255,5,3,0,1,21.32,25,83,0,63,73.101845,10.101845
255,6,3,0,1,22.96,26.515,88,7.0015,146,147.15364,1.15364
255,21,3,0,1,26.24,29.545,78,11.0014,296,272.81085,-23.18915
255,22,3,0,1,26.24,29.545,78,8.9981,200,220.89662,20.89662
256,1,3,0,1,22.96,26.515,73,6.0032,57,51.875923,-5.124077
256,6,3,0,1,22.14,25.76,88,0,175,147.57066,-27.42934
256,6,3,0,1,23.78,27.275,88,7.0015,169,144.75388,-24.24612
256,10,3,0,2,27.88,31.82,65,0,271,291.6085,20.6085
257,6,3,0,2,24.6,28.03,83,16.9979,148,132.31978,-15.68022
257,21,3,0,1,18.86,22.725,63,22.0028,198,187.18704,-10.81296
257,23,3,0,1,18.04,21.97,67,15.0013,125,101.02866,-23.97134
258,3,3,0,1,20.5,24.24,68,0,57,68.75687,11.75687
258,6,3,0,1,15.58,19.695,71,15.0013,115,138.62389,23.62389
258,20,3,0,2,20.5,24.24,55,0,275,291.43927,16.43927
258,21,3,0,2,20.5,24.24,63,0,217,210.45992,-6.54008
258,22,3,0,1,22.96,26.515,68,6.0032,182,198.5248,16.5248
258,23,3,0,1,20.5,24.24,59,0,180,158.01715,-21.98285
258,23,3,0,1,22.14,25.76,68,7.0015,150,149.53603,-0.46397
259,0,3,0,1,22.14,25.76,68,11.0014,63,56.688507,-6.311493
259,5,3,0,1,19.68,23.485,82,6.0032,51,74.97077,23.97077
259,6,3,0,1,19.68,23.485,82,0,186,158.52895,-27.47105
259,10,3,0,2,20.5,24.24,68,19.0012,273,278.15372,5.15372
259,11,3,0,2,25.42,30.305,69,15.0013,278,271.04517,-6.95483
259,21,3,0,2,20.5,24.24,72,12.998,223,195.10555,-27.89445
259,22,3,0,3,25.42,28.79,83,16.9979,184,167.66885,-16.33115
260,21,3,0,2,22.14,25.76,68,6.0032,201,223.37253,22.37253
260,23,3,0,2,22.96,26.515,83,15.0013,134,105.265495,-28.734505
261,5,3,0,2,21.32,25,68,19.0012,61,71.91115,10.91115
261,6,3,0,1,20.5,24.24,77,15.0013,136,155.53503,19.53503
261,20,3,0,2,22.96,26.515,68,8.9981,282,293.74982,11.74982
261,21,3,0,2,22.96,26.515,68,11.0014,251,232.77312,-18.22688
261,22,3,0,2,22.96,26.515,68,11.0014,184,182.41469,-1.58531
261,23,3,0,2,22.96,26.515,73,12.998,125,125.67231,0.67231
273,0,4,0,1,18.86,22.725,72,7.0015,61,60.76925,-0.23075
273,1,4,0,1,19.68,23.485,67,22.0028,71,65.910934,-5.089066
273,2,4,0,1,18.86,22.725,63,27.9993,76,66.90136,-9.09864
273,6,4,0,1,18.04,21.97,77,7.0015,176,192.40793,16.40793
273,21,4,0,2,22.14,25.76,73,8.9981,269,262.12634,-6.87366
273,22,4,0,2,14.76,17.425,93,15.0013,126,135.08049,9.08049
273,23,4,0,3,14.76,17.425,93,15.0013,121,103.96232,-17.03768
273,23,4,0,3,22.14,25.76,77,0,161,147.05144,-13.94856
274,5,4,0,2,22.96,26.515,83,8.9981,50,58.995033,8.995033
274,7,4,0,3,23.78,27.275,83,7.0015,280,275.66547,-4.33453
274,10,4,0,2,14.76,16.665,71,19.0012,271,261.18057,-9.81943
274,15,4,0,3,14.76,16.665,81,16.9979,225,235.30531,10.30531
274,16,4,0,3,14.76,17.425,87,12.998,257,270.32446,13.32446
274,21,4,0,1,14.76,17.425,71,15.0013,142,159.73093,17.73093
274,22,4,0,3,14.76,18.18,81,6.0032,121,146.29141,25.29141
274,23,4,0,2,25.42,27.275,94,0,155,178.25502,23.25502
275,7,4,0,2,14.76,17.425,71,8.9981,267,255.21165,-11.78835
275,21,4,0,2,16.4,20.455,82,0,192,200.04762,8.04762
275,22,4,0,1,27.06,31.06,74,0,294,296.70346,2.70346
275,22,4,0,2,16.4,20.455,82,0,148,164.88338,16.88338
275,23,4,0,2,16.4,20.455,82,7.0015,111,133.7528,22.7528
276,6,4,0,3,25.42,27.275,94,6.0032,157,156.1025,-0.8975
277,0,4,0,1,19.68,23.485,77,8.9981,61,54.58458,-6.41542
277,1,4,0,1,22.14,25.76,68,7.0015,61,55.814995,-5.185005
277,21,4,0,1,20.5,24.24,82,7.0015,253,240.49985,-12.50015
277,22,4,0,1,21.32,25,72,0,207,236.41638,29.41638
278,0,4,0,1,20.5,24.24,72,12.998,57,56.15992,-0.84008
278,3,4,0,1,22.14,25.76,77,15.0013,65,54.571426,-10.428574
278,21,4,0,1,18.86,22.725,88,6.0032,248,227.88356,-20.11644
278,21,4,0,1,18.86,22.725,59,8.9981,265,253.49359,-11.50641
278,22,4,0,1,18.86,22.725,82,0,201,208.75682,7.75682
278,23,4,0,1,18.04,21.97,88,6.0032,155,149.38005,-5.61995
279,2,4,0,1,17.22,21.21,62,8.9981,84,79.826775,-4.173225
279,7,4,0,1,17.22,21.21,94,0,263,257.82614,-5.17386
279,21,4,0,1,15.58,19.695,87,7.0015,169,192.63454,23.63454
279,22,4,0,1,15.58,19.695,87,8.9981,134,151.97536,17.97536
279,23,4,0,1,14.76,17.425,93,8.9981,136,121.717354,-14.282646
279,23,4,0,1,20.5,24.24,63,0,190,195.76137,5.76137
280,1,4,0,1,18.86,22.725,82,0,80,55.36013,-24.63987
280,2,4,0,1,18.86,22.725,82,0,57,57.91446,0.91446
280,21,4,1,2,16.4,20.455,76,15.0013,213,185.02412,-27.97588
280,22,4,1,3,16.4,20.455,76,16.9979,171,146.88676,-24.11324
280,22,4,0,1,20.5,24.24,77,0,203,224.89714,21.89714
280,23,4,0,1,19.68,23.485,88,0,198,176.30852,-21.69148
280,23,4,1,2,16.4,20.455,71,15.0013,134,143.16452,9.16452
281,2,4,0,1,18.86,22.725,88,0,69,53.325935,-15.674065
281,6,4,0,2,15.58,19.695,82,16.9979,165,142.13622,-22.86378
281,12,4,0,2,19.68,23.485,69,12.998,280,281.36877,1.36877
281,13,4,0,2,20.5,24.24,67,8.9981,288,286.68933,-1.31067
281,22,4,0,2,21.32,25,94,0,207,191.82855,-15.17145
281,23,4,0,1,20.5,24.24,88,7.0015,178,170.37932,-7.62068
281,23,4,0,2,19.68,23.485,77,6.0032,140,152.63898,12.63898
282,6,4,1,1,18.04,21.97,94,0,80,58.627197,-21.372803
282,7,4,1,1,18.86,22.725,88,0,150,157.23143,7.23143
282,9,4,1,1,22.14,25.76,77,0,253,269.33484,16.33484
282,10,4,1,1,22.96,26.515,73,11.0014,298,279.4813,-18.5187
282,21,4,1,1,22.96,26.515,88,6.0032,238,242.25578,4.25578
282,22,4,1,1,22.96,26.515,88,6.0032,192,209.17612,17.17612
282,23,4,1,2,22.14,25.76,88,7.0015,142,146.40575,4.40575
283,0,4,0,1,18.04,21.97,51,8.9981,57,80.7607,23.7607
283,6,4,0,1,14.76,17.425,50,11.0014,178,194.33821,16.33821
283,22,4,0,2,22.96,26.515,83,12.998,201,196.92061,-4.07939
284,0,4,0,1,16.4,20.455,66,7.0015,84,74.54386,-9.45614
284,1,4,0,1,16.4,20.455,66,6.0032,51,76.99917,25.99917
284,6,4,0,1,13.94,17.425,81,6.0032,165,148.08698,-16.91302
284,6,4,0,2,22.14,25.76,88,16.9979,136,143.4631,7.4631
284,21,4,0,1,16.4,20.455,54,12.998,240,219.65508,-20.34492
284,22,4,0,1,16.4,20.455,47,19.9995,211,189.93535,-21.06465
284,23,4,0,1,14.76,17.425,57,12.998,153,124.648994,-28.351006
284,23,4,0,3,22.14,25.76,94,6.0032,113,133.89325,20.89325
285,2,4,0,1,13.94,16.665,53,12.998,76,71.9171,-4.0829
285,8,4,0,3,22.14,25.76,100,6.0032,232,254.03769,22.03769
286,2,4,0,1,16.4,20.455,76,6.0032,76,71.92962,-4.07038
286,22,4,0,1,18.86,22.725,59,15.0013,196,195.41075,-0.58925
286,23,4,0,1,18.86,22.725,59,11.0014,150,161.49803,11.49803
286,23,4,0,2,22.96,26.515,68,19.0012,159,186.0772,27.0772
287,1,4,0,1,18.86,22.725,55,16.9979,86,78.5108,-7.4892
287,2,4,0,1,18.86,22.725,59,12.998,67,77.56215,10.56215
287,6,4,0,2,22.96,26.515,73,19.9995,169,166.08539,-2.91461
287,11,4,0,2,24.6,29.545,73,26.0027,288,287.0221,-0.9779
287,23,4,0,1,18.86,22.725,63,15.0013,136,151.37941,15.37941
287,23,4,0,1,19.68,23.485,41,11.0014,188,207.4381,19.4381
288,0,4,0,1,18.86,22.725,63,26.0027,63,69.43721,6.43721
288,1,4,0,1,18.04,21.97,47,8.9981,90,86.776184,-3.223816
288,2,4,0,1,17.22,21.21,54,8.9981,75,86.6783,11.6783
288,6,4,0,1,17.22,21.21,67,11.0014,192,202.90204,10.90204
288,21,4,0,1,18.86,22.725,63,0,246,271.26605,25.26605
289,0,4,0,1,15.58,19.695,76,0,65,69.22205,4.22205
289,0,4,0,1,22.14,25.76,56,22.0028,53,64.75373,11.75373
289,6,4,0,1,15.58,19.695,82,0,200,174.4398,-25.5602
289,10,4,0,2,18.86,22.725,67,0,253,279.8889,26.8889
289,21,4,0,1,20.5,24.24,77,7.0015,230,255.08795,25.08795
289,23,4,0,1,18.86,22.725,88,15.0013,155,138.18224,-16.81776
290,0,4,0,1,18.86,22.725,88,12.998,75,50.14512,-24.85488
290,0,4,0,1,19.68,23.485,82,0,50,50.731674,0.731674
290,6,4,0,1,18.04,21.97,88,19.9995,175,165.05327,-9.94673
290,22,4,0,2,21.32,25,77,11.0014,192,192.20164,0.20164
290,23,4,0,2,22.14,25.76,83,0,173,176.54732,3.54732
291,6,4,0,3,22.14,25.76,94,11.0014,155,148.39684,-6.60316
291,8,4,0,3,22.14,25.76,70,32.9975,232,245.66653,13.66653
291,9,4,0,3,21.32,25,88,32.9975,226,244.08224,18.08224
291,21,4,0,1,20.5,24.24,77,0,257,272.8297,15.8297
291,22,4,0,1,20.5,24.24,77,6.0032,242,214.57137,-27.42863
291,23,4,0,1,18.86,22.725,88,7.0015,186,161.2797,-24.7203
291,23,4,0,2,23.78,27.275,94,23.9994,126,149.81749,23.81749
304,0,4,0,1,14.76,18.18,57,6.0032,75,81.18579,6.18579
304,6,4,0,1,13.94,16.665,61,11.0014,169,168.5424,-0.4576
304,6,4,0,1,13.12,15.91,81,12.998,115,125.145004,10.145004
304,11,4,0,3,14.76,17.425,62,12.998,196,215.68272,19.68272
304,12,4,0,3,15.58,19.695,62,11.0014,242,217.01479,-24.98521
304,13,4,0,2,16.4,20.455,58,11.0014,296,271.19568,-24.80432
304,20,4,0,1,16.4,20.455,71,0,259,281.99,22.99
304,22,4,0,1,14.76,18.94,81,0,151,180.42712,29.42712
304,23,4,0,1,13.94,18.18,87,0,128,152.42543,24.42543
305,0,4,0,1,13.94,16.665,57,11.0014,65,72.82964,7.82964
305,6,4,0,1,12.3,15.15,70,11.0014,144,136.40294,-7.59706
305,6,4,0,1,12.3,16.665,81,0,115,143.54982,28.54982
305,7,4,0,1,12.3,16.665,81,0,269,241.70828,-27.29172
305,20,4,0,2,14.76,16.665,46,27.9993,269,292.56012,23.56012
305,21,4,0,1,15.58,19.695,71,8.9981,221,204.87897,-16.12103
305,21,4,0,2,14.76,16.665,46,23.9994,207,236.853,29.853
305,22,4,0,1,14.76,16.665,46,16.9979,200,187.6876,-12.3124
305,22,4,0,1,14.76,17.425,71,8.9981,159,153.8137,-5.1863
305,23,4,0,1,14.76,18.18,76,6.0032,113,132.0407,19.0407
306,2,4,0,2,13.94,15.91,49,16.9979,55,69.13154,14.13154
306,6,4,0,1,13.94,16.665,76,12.998,121,142.04985,21.04985
306,9,4,0,2,13.94,15.15,49,19.9995,240,266.77393,26.77393
306,20,4,0,1,17.22,21.21,71,7.0015,259,282.2364,23.2364
306,20,4,0,1,13.94,16.665,53,8.9981,230,255.8234,25.8234
306,21,4,0,1,13.94,17.425,53,7.0015,217,215.90099,-1.09901
306,21,4,0,1,16.4,20.455,76,8.9981,198,208.52003,10.52003
306,22,4,0,1,16.4,20.455,82,0,192,197.9583,5.9583
306,23,4,0,1,16.4,20.455,82,6.0032,150,146.22722,-3.77278
307,7,4,0,2,16.4,20.455,86,15.0013,265,237.77449,-27.22551
307,9,4,0,2,17.22,21.21,71,31.0009,275,266.7456,-8.2544
307,22,4,0,1,13.94,15.15,46,22.0028,167,176.97856,9.97856
307,22,4,0,1,12.3,14.395,52,19.0012,132,153.69102,21.69102
307,23,4,0,1,13.12,15.15,49,22.0028,142,130.22655,-11.77345
307,23,4,0,2,12.3,15.15,56,11.0014,107,123.47584,16.47584
308,0,4,0,1,13.12,14.395,45,23.9994,65,62.443798,-2.556202
308,1,4,0,1,13.12,15.15,45,19.9995,73,67.825134,-5.174866
308,6,4,0,2,12.3,14.395,49,19.0012,157,151.37572,-5.62428
308,9,4,0,2,12.3,14.395,52,19.0012,276,255.84914,-20.15086
308,21,4,0,1,12.3,14.395,52,19.0012,201,188.67839,-12.32161
308,22,4,0,1,11.48,13.635,56,12.998,167,143.39415,-23.60585
308,22,4,0,1,12.3,16.665,65,0,136,156.20634,20.20634
308,23,4,0,1,11.48,15.91,70,0,140,129.30046,-10.69954
308,23,4,0,1,10.66,13.635,60,8.9981,107,110.47755,3.47755
309,21,4,0,2,12.3,14.395,56,16.9979,201,185.08488,-15.91512
309,23,4,0,1,13.94,17.425,87,6.0032,107,131.53145,24.53145
310,2,4,0,2,11.48,12.88,56,19.9995,82,53.67823,-28.32177
310,6,4,0,2,10.66,12.12,56,19.0012,138,119.87175,-18.12825
310,6,4,0,2,11.48,15.91,93,0,123,108.73317,-14.26683
310,12,4,0,2,13.12,15.15,53,19.0012,232,248.79893,16.79893
310,13,4,0,2,13.12,15.15,53,16.9979,230,246.22539,16.22539
310,21,4,0,1,15.58,19.695,82,7.0015,192,207.50803,15.50803
310,21,4,0,2,13.12,15.15,49,19.9995,176,204.67365,28.67365
310,22,4,0,1,14.76,18.18,81,6.0032,163,166.16432,3.16432
310,23,4,0,3,11.48,13.635,65,15.0013,96,121.963326,25.963326
310,23,4,0,1,14.76,18.18,87,6.0032,105,134.40541,29.40541
311,6,4,0,1,12.3,16.665,87,0,123,134.26344,11.26344
311,21,4,0,1,14.76,16.665,37,26.0027,280,256.43735,-23.56265
311,21,4,0,1,16.4,20.455,76,0,234,235.00154,1.00154
311,22,4,0,1,13.94,15.15,42,19.9995,211,188.26472,-22.73528
311,22,4,0,1,14.76,18.94,87,0,163,189.3697,26.3697
311,23,4,0,1,13.94,15.15,46,23.9994,140,143.1588,3.1588
312,0,4,0,1,13.94,15.15,49,22.0028,69,65.45893,-3.54107
312,6,4,0,1,10.66,13.635,65,7.0015,151,132.34564,-18.65436
312,6,4,0,1,12.3,16.665,87,0,121,134.28828,13.28828
312,20,4,0,1,18.04,21.97,77,0,271,299.59778,28.59778
312,21,4,0,1,16.4,20.455,87,0,215,236.55026,21.55026
313,2,4,0,1,13.12,17.425,81,0,55,51.907448,-3.092552
313,9,4,0,2,17.22,21.21,94,7.0015,236,262.19092,26.19092
313,19,4,0,2,14.76,17.425,71,15.0013,261,281.9129,20.9129
313,20,4,0,2,14.76,16.665,62,19.0012,219,248.6064,29.6064
313,21,4,0,1,16.4,20.455,66,0,271,250.17447,-20.82553
313,21,4,0,1,14.76,16.665,57,16.9979,188,204.89763,16.89763
313,23,4,0,2,13.94,16.665,57,11.0014,136,136.03502,0.03502
314,0,4,1,1,13.94,15.91,53,16.9979,90,61.395447,-28.604553
314,3,4,0,1,13.94,18.18,81,0,57,52.80864,-4.19136
314,6,4,1,1,11.48,12.88,45,22.0028,78,58.423622,-19.576378
314,7,4,1,1,11.48,13.635,45,16.9979,151,147.76135,-3.23865
314,21,4,0,1,18.04,21.97,67,15.0013,223,242.90839,19.90839
314,22,4,0,1,17.22,21.21,71,12.998,188,177.60048,-10.39952
314,23,4,0,1,17.22,21.21,71,12.998,163,142.7629,-20.2371
315,10,4,1,1,19.68,23.485,77,11.0014,300,294.62448,-5.37552
315,21,4,1,3,22.14,25.76,73,15.0013,219,247.64098,28.64098
315,23,4,0,1,16.4,20.455,58,11.0014,155,156.54753,1.54753
316,0,4,0,2,16.4,20.455,58,12.998,88,58.255524,-29.744476
316,1,4,0,2,14.76,17.425,66,12.998,82,62.695297,-19.304703
316,2,4,0,1,14.76,18.18,57,7.0015,67,82.8229,15.8229
316,6,4,0,3,13.12,14.395,81,31.0009,73,89.015114,16.015114
316,8,4,0,3,13.12,15.15,87,16.9979,232,203.57959,-28.42041
318,0,4,0,2,10.66,15.15,65,0,50,58.135918,8.135918
318,12,4,0,2,14.76,18.18,62,7.0015,234,258.12906,24.12906
318,13,4,0,2,15.58,19.695,54,7.0015,267,273.4592,6.4592
318,22,4,0,2,18.86,22.725,88,7.0015,182,195.07207,13.07207
318,23,4,0,2,18.86,22.725,94,7.0015,138,155.54218,17.54218
319,0,4,0,2,13.12,16.665,66,7.0015,80,64.05272,-15.94728
319,6,4,0,2,12.3,15.91,61,6.0032,151,155.792,4.792
319,8,4,0,3,18.86,22.725,94,0,255,234.7033,-20.2967
319,20,4,0,1,14.76,16.665,46,16.9979,275,286.26422,11.26422
319,21,4,0,1,13.94,16.665,49,12.998,228,219.98354,-8.01646
320,20,4,0,2,13.94,17.425,66,6.0032,223,234.61868,11.61868
320,21,4,0,2,13.12,16.665,57,7.0015,190,205.00935,15.00935
320,22,4,0,2,13.12,16.665,57,7.0015,196,170.54036,-25.45964
320,22,4,0,1,10.66,12.12,52,16.9979,136,146.36934,10.36934
320,23,4,0,1,10.66,12.88,52,15.0013,111,114.192726,3.192726
321,21,4,0,1,14.76,16.665,66,16.9979,163,191.53056,28.53056
321,22,4,0,1,10.66,13.635,52,7.0015,150,155.74876,5.74876
321,23,4,0,1,10.66,13.635,60,8.9981,113,115.07035,2.07035
321,23,4,0,1,14.76,17.425,66,15.0013,115,129.69368,14.69368
322,0,4,0,1,10.66,12.88,56,12.998,67,56.01146,-10.98854
322,6,4,0,2,14.76,16.665,66,16.9979,151,150.57191,-0.42809
322,12,4,0,2,16.4,20.455,62,19.0012,261,260.1725,-0.8275
322,21,4,0,2,15.58,19.695,54,15.0013,251,238.66309,-12.33691
322,22,4,0,1,13.94,17.425,66,7.0015,167,160.03609,-6.96391
322,22,4,0,2,15.58,19.695,62,11.0014,159,181.79085,22.79085
322,23,4,0,1,15.58,19.695,62,15.0013,148,142.22557,-5.77443
322,23,4,0,1,13.94,17.425,66,7.0015,128,134.90059,6.90059
334,6,4,0,1,9.84,10.605,65,19.0012,117,94.946655,-22.053345
334,9,4,0,2,10.66,12.12,93,16.9979,217,224.14615,7.14615
334,19,4,0,2,13.12,17.425,81,0,298,269.94415,-28.05585
334,20,4,0,1,13.12,17.425,81,0,250,249.12273,-0.87727
334,21,4,0,2,12.3,16.665,87,0,211,196.49095,-14.50905
334,21,4,0,1,12.3,15.91,61,7.0015,213,199.76355,-13.23645
334,22,4,0,2,12.3,16.665,87,0,200,173.85214,-26.14786
334,22,4,0,1,12.3,16.665,61,0,157,171.5721,14.5721
334,23,4,0,2,13.12,17.425,81,0,180,154.41243,-25.58757
334,23,4,0,1,10.66,14.395,70,6.0032,128,120.87388,-7.12612
335,6,4,0,1,9.02,13.635,80,0,109,109.84498,0.84498
335,9,4,0,1,11.48,15.91,81,0,267,287.1886,20.1886
335,22,4,0,1,13.12,15.91,53,12.998,155,178.71657,23.71657
335,23,4,0,1,13.12,15.15,53,19.0012,148,139.09724,-8.90276
336,0,4,0,1,12.3,14.395,56,16.9979,88,64.79221,-23.20779
336,6,4,0,1,14.76,18.94,93,0,161,149.96344,-11.03656
336,11,4,0,1,13.12,16.665,57,6.0032,298,298.1607,0.1607
336,22,4,0,1,17.22,21.21,82,7.0015,198,201.68745,3.68745
336,22,4,0,2,13.12,16.665,61,6.0032,167,171.76204,4.76204
336,23,4,0,1,12.3,15.15,70,8.9981,140,126.97944,-13.02056
336,23,4,0,1,17.22,21.21,82,7.0015,157,166.54582,9.54582
337,0,4,0,1,17.22,21.21,88,7.0015,73,58.444725,-14.555275
337,5,4,0,2,18.04,21.97,88,0,51,64.1882,13.1882
337,11,4,0,1,13.94,16.665,81,11.0014,278,288.07666,10.07666
337,22,4,0,2,20.5,24.24,63,19.9995,232,249.3151,17.3151
337,23,4,0,1,19.68,23.485,67,16.9979,151,176.88231,25.88231
338,0,4,0,1,20.5,24.24,59,19.0012,53,74.53771,21.53771
338,6,4,0,1,12.3,15.91,93,6.0032,113,112.5462,-0.4538
338,21,4,0,1,13.94,15.15,46,27.9993,246,237.50703,-8.49297
338,21,4,0,2,18.04,21.97,88,6.0032,228,234.6569,6.6569
338,22,4,0,1,13.12,14.395,45,26.0027,157,184.83247,27.83247
338,23,4,0,1,12.3,13.635,49,26.0027,126,135.26634,9.26634
339,0,4,0,1,10.66,12.12,48,19.0012,57,55.620636,-1.379364
339,6,4,0,1,9.02,10.605,55,19.9995,144,125.1223,-18.8777
339,6,4,0,2,18.04,21.97,94,19.0012,111,134.7953,23.7953
339,7,4,0,2,18.86,22.725,94,12.998,255,243.49953,-11.50047
339,9,4,0,1,9.84,11.365,48,12.998,294,288.59326,-5.40674
340,6,4,0,2,11.48,13.635,75,11.0014,107,109.714424,2.714424
340,11,4,0,2,13.12,15.91,76,12.998,228,239.51398,11.51398
340,12,4,0,2,13.94,16.665,71,12.998,259,243.09311,-15.90689
340,13,4,0,2,14.76,17.425,66,8.9981,269,256.7561,-12.2439
340,14,4,0,2,14.76,17.425,71,11.0014,265,284.33014,19.33014
340,21,4,0,2,14.76,18.18,93,7.0015,225,199.83308,-25.16692
340,23,4,0,2,14.76,18.18,93,6.0032,176,152.54842,-23.45158
340,23,4,0,1,9.84,10.605,93,26.0027,73,88.27668,15.27668
341,7,4,0,1,9.02,10.605,60,15.0013,261,231.41203,-29.58797
341,19,4,0,1,10.66,13.635,56,7.0015,280,280.79486,0.79486
341,20,4,0,1,10.66,13.635,60,7.0015,225,228.70107,3.70107
341,20,4,0,2,14.76,18.94,100,0,234,258.5523,24.5523
341,21,4,0,1,11.48,15.15,61,6.0032,190,195.78197,5.78197
341,22,4,0,1,10.66,13.635,65,8.9981,146,144.73775,-1.26225
341,23,4,0,1,9.84,12.88,70,7.0015,115,117.297646,2.297646
342,6,4,0,1,9.02,12.88,80,6.0032,86,97.06629,11.06629
342,7,4,0,1,9.02,12.88,75,6.0032,219,203.0876,-15.9124
342,9,4,0,1,10.66,14.395,81,6.0032,284,278.6972,-5.3028
342,10,4,0,2,16.4,20.455,87,19.0012,244,251.98616,7.98616
342,11,4,0,2,16.4,20.455,87,19.9995,275,247.81462,-27.18538
342,14,4,0,2,15.58,19.695,87,12.998,282,283.9511,1.9511
342,21,4,0,1,12.3,16.665,75,0,194,209.1438,15.1438
342,22,4,0,1,11.48,15.91,87,0,182,180.43117,-1.56883
342,23,4,0,1,11.48,15.91,81,0,150,147.09871,-2.90129
343,6,4,0,2,15.58,19.695,94,11.0014,146,123.366394,-22.633606
343,11,4,0,1,13.12,14.395,53,27.9993,259,288.61368,29.61368
343,12,4,0,1,13.12,14.395,45,27.9993,300,289.07205,-10.92795
343,12,4,0,3,18.04,21.97,100,15.0013,198,196.26413,-1.73587
343,22,4,0,1,9.02,11.365,41,8.9981,148,171.6505,23.6505
343,22,4,0,2,20.5,24.24,82,15.0013,180,205.70996,25.70996
343,23,4,0,1,8.2,10.605,47,11.0014,119,116.763405,-2.236595
343,23,4,0,1,18.86,22.725,88,16.9979,140,159.40758,19.40758
344,6,4,0,2,13.94,15.15,71,19.9995,138,125.72447,-12.27553
344,12,4,0,2,14.76,15.91,53,30.0026,244,248.0826,4.0826
344,22,4,0,1,12.3,14.395,56,15.0013,159,167.93895,8.93895
344,23,4,0,1,12.3,14.395,52,15.0013,119,141.25395,22.25395
345,0,4,0,1,12.3,15.15,52,11.0014,50,69.18612,19.18612
345,6,4,0,2,10.66,12.12,60,16.9979,148,118.72806,-29.27194
345,6,4,0,1,6.56,9.09,80,7.0015,86,60.463715,-25.536285
345,9,4,0,2,7.38,10.605,74,6.0032,242,218.68959,-23.31041
345,12,4,0,2,13.94,18.18,42,0,251,263.50787,12.50787
345,13,4,0,2,13.94,18.18,42,0,286,279.2943,-6.7057
345,19,4,0,1,11.48,15.15,61,6.0032,288,289.8678,1.8678
345,21,4,0,1,10.66,15.15,81,0,175,198.0414,23.0414
345,22,4,0,2,12.3,14.395,52,15.0013,175,178.48427,3.48427
345,23,4,0,2,11.48,13.635,56,15.0013,132,128.91817,-3.08183
346,6,4,0,1,8.2,12.88,80,0,115,101.12594,-13.87406
346,6,4,0,1,10.66,12.12,56,16.9979,134,133.4132,-0.5868
346,20,4,0,1,12.3,16.665,45,0,290,296.42575,6.42575
346,21,4,0,1,11.48,15.91,48,0,261,234.98729,-26.01271
346,21,4,0,1,12.3,15.15,52,11.0014,190,214.9441,24.9441
346,22,4,0,1,12.3,15.15,52,11.0014,159,180.47514,21.47514
346,23,4,0,1,10.66,15.15,70,0,115,138.39769,23.39769
347,6,4,0,2,10.66,15.15,87,0,111,110.54179,-0.45821
347,7,4,0,1,11.48,15.91,75,0,265,243.1949,-21.8051
347,9,4,0,2,12.3,16.665,61,0,259,255.11533,-3.88467
347,20,4,0,1,13.12,16.665,61,8.9981,271,260.32446,-10.67554
347,20,4,0,2,13.94,17.425,66,7.0015,226,250.10492,24.10492
347,21,4,0,2,13.94,16.665,66,11.0014,205,205.08278,0.08278
347,22,4,0,1,13.94,16.665,66,11.0014,157,168.37074,11.37074
347,23,4,0,1,13.12,15.91,70,11.0014,107,133.19218,26.19218
348,0,4,0,1,13.12,15.91,70,11.0014,65,57.59307,-7.40693
348,10,4,0,1,13.12,15.91,61,11.0014,294,295.84268,1.84268
348,21,4,0,1,14.76,17.425,62,8.9981,234,234.44244,0.44244
348,22,4,0,1,14.76,17.425,62,12.998,207,182.56206,-24.43794
348,23,4,0,2,14.76,17.425,62,8.9981,173,153.18929,-19.81071
349,0,4,0,1,20.5,24.24,72,22.0028,88,63.952812,-24.047188
349,7,4,0,2,15.58,19.695,46,19.9995,250,277.79333,27.79333
349,23,4,0,2,12.3,15.15,49,8.9981,128,157.07124,29.07124
350,0,4,0,1,12.3,14.395,49,19.0012,75,67.40143,-7.59857
350,1,4,0,2,12.3,14.395,52,16.9979,55,60.46261,5.46261
350,6,4,0,2,14.76,17.425,93,8.9981,130,115.75713,-14.24287
350,11,4,0,2,11.48,12.88,45,22.0028,232,240.65593,8.65593
350,12,4,0,2,11.48,12.88,45,19.0012,261,238.6138,-22.3862
350,12,4,0,2,16.4,20.455,87,0,253,253.75812,0.75812
350,13,4,0,2,16.4,20.455,87,8.9981,261,261.0447,0.0447
350,20,4,0,2,17.22,21.21,94,16.9979,251,254.48552,3.48552
350,20,4,0,1,9.02,10.605,69,16.9979,159,183.15508,24.15508
350,21,4,0,1,8.2,10.605,75,11.0014,150,152.7964,2.7964
350,22,4,0,1,8.2,10.605,75,11.0014,134,128.90813,-5.09187
350,23,4,0,1,8.2,11.365,75,0,125,140.0674,15.0674
351,6,4,0,1,14.76,17.425,93,11.0014,140,128.40681,-11.59319
351,11,4,0,2,9.84,11.365,60,15.0013,213,227.25258,14.25258
351,12,4,0,1,10.66,12.88,60,15.0013,248,272.9253,24.9253
351,13,4,0,1,12.3,13.635,49,19.9995,275,298.5128,23.5128
351,21,4,0,1,14.76,17.425,50,15.0013,219,242.89592,23.89592
351,22,4,0,1,9.02,11.365,75,12.998,103,131.59541,28.59541
351,23,4,0,1,8.2,11.365,75,7.0015,92,119.88673,27.88673
352,0,4,0,1,12.3,15.91,61,0,57,61.72506,4.72506
352,6,4,0,1,9.84,12.88,75,6.0032,134,110.098274,-23.901726
352,7,4,0,1,7.38,10.605,74,7.0015,211,189.56429,-21.43571
352,20,4,0,1,14.76,17.425,57,15.0013,288,291.55725,3.55725
352,21,4,0,1,13.94,15.91,61,15.0013,219,212.54182,-6.45818
352,22,4,0,1,13.94,17.425,61,6.0032,182,190.15025,8.15025
352,23,4,0,1,13.12,16.665,66,8.9981,142,138.64781,-3.35219